LastName,FirstName,Club,Acceleration,Age,Aggression,FreeKickAccuracy,LongPassing,LongShots,Penalties,ShortPassing,SprintSpeed
Aduriz Zubeldia,Aritz,Athletic Club,66.0,37,82.0,54.0,52.0,78.0,82.0,72.0,67.0
Advíncula,Luis,Rayo Vallecano,95.0,28,70.0,63.0,67.0,68.0,64.0,73.0,94.0
Adán Garrido,Antonio,Atlético Madrid,56.5,31,41.0,12.0,43.0,12.0,25.0,34.0,54.0
Agudo Durán,Manuel,Sevilla FC,74.0,32,73.0,80.0,67.0,81.0,74.0,76.0,70.0
Aguilera Núñez,Juan,SD Huesca,71.0,33,68.0,60.0,72.0,57.0,40.0,75.0,52.0
Aguirregabiria,Martín,D. Alavés,74.0,22,62.0,40.0,45.0,35.0,38.0,76.0,74.0
Akapo Martínez,Carlos,SD Huesca,77.0,25,84.0,41.0,62.0,52.0,46.0,68.0,88.0
Akieme Rodríguez,Sergio,Rayo Vallecano,76.0,21,65.0,36.0,43.0,44.0,40.0,62.0,73.0
Alarcón Suárez,Francisco Román,Real Madrid,76.33333333333333,26,58.666666666666664,74.33333333333333,84.33333333333333,90.0,76.33333333333333,90.0,69.66666666666667
Alba Ramos,Jordi,FC Barcelona,93.66666666666667,29,76.0,63.333333333333336,74.33333333333333,66.0,59.0,85.0,93.66666666666667
Alcaraz Jiménez,Rubén,R. Valladolid CF,57.0,27,74.0,73.0,74.0,72.0,70.0,75.0,53.0
Alcântara,Rafael,FC Barcelona,71.5,25,44.0,61.0,76.0,82.5,67.0,86.5,70.5
Alegría Moreno,Alexander,Rayo Vallecano,48.0,26,53.0,22.0,39.0,66.0,63.0,65.0,54.0
Alegría Moreno,Alexander,Real Betis,48.0,26,53.0,22.0,39.0,66.0,63.0,65.0,54.0
Alejo Peralta,Iván,Getafe CF,73.0,23,45.0,49.0,71.0,64.0,47.0,76.0,86.0
Alende López,Diego,RC Celta,53.0,21,62.0,26.0,35.0,23.0,33.0,61.0,55.0
Aleñà Castillo,Carles,FC Barcelona,78.0,21,52.0,59.0,67.0,67.0,73.0,69.0,76.0
Alonso,Junior,RC Celta,58.0,25,76.0,27.0,63.0,46.0,33.0,65.0,64.0
Alonso Lara,José,Sevilla FC,72.0,18,33.0,49.0,65.0,51.0,61.0,66.0,74.0
Amadou,Ibrahim,Sevilla FC,69.0,25,80.0,32.0,73.0,62.0,51.0,76.0,73.0
Amat Maas,Jordi,Rayo Vallecano,61.0,26,82.0,36.0,52.0,65.0,28.0,68.0,69.0
Andzouana,Yhoan,Girona FC,67.0,22,31.0,40.0,59.0,46.0,61.0,53.0,61.0
Andújar Moreno,Jorge,Levante UD,75.0,31,74.0,36.0,68.0,60.0,74.0,76.0,73.0
Apeh,Emmanuel,RC Celta,72.0,22,35.0,36.0,38.0,62.0,62.0,63.0,76.0
Arambarri,Mauro,Getafe CF,47.0,23,79.0,46.0,78.0,55.0,50.0,79.0,53.0
Arana Lopes,Guilherme,Sevilla FC,77.0,21,69.0,49.0,67.0,54.0,52.0,72.0,78.0
Araújo,Néstor,RC Celta,69.0,27,65.0,45.0,66.0,39.0,54.0,72.0,72.0
Arbilla Zabala,Anaitz,SD Eibar,55.0,31,84.0,82.0,65.0,68.0,47.0,77.0,70.0
Arias,Santiago,Atlético Madrid,85.0,27,81.0,56.333333333333336,76.33333333333333,50.333333333333336,57.0,77.33333333333333,87.66666666666667
Armando de Abreu,Gabriel,Valencia CF,71.0,28,82.5,46.0,69.5,50.5,51.5,74.5,74.5
Arnáiz Díaz,José Manuel,CD Leganés,86.0,23,40.0,47.0,61.0,68.0,67.0,65.0,84.0
Asenjo Andrés,Sergio,Villarreal CF,61.8,29,20.0,22.0,39.0,13.0,15.0,39.0,56.0
Asensio Willemsen,Marco,Real Madrid,83.5,22,45.0,76.0,82.0,88.5,62.0,85.5,80.0
Aspas Juncal,Iago,RC Celta,86.2,31,63.8,77.6,65.6,83.2,83.2,83.4,78.4
Ba,Abdoulaye,Rayo Vallecano,49.0,28,80.0,59.0,41.0,50.0,68.0,58.0,53.0
Bacca,Carlos,Villarreal CF,73.0,32,62.0,58.0,55.0,60.0,80.0,72.0,75.0
Bale,Gareth,Real Madrid,94.25,29,66.5,89.0,81.25,92.75,77.0,87.0,96.0
Banega,Éver,Sevilla FC,68.0,30,73.0,81.0,87.0,77.0,67.0,88.0,64.0
Bangoura,Alhassane,Rayo Vallecano,87.0,26,63.0,45.0,60.0,57.0,50.0,63.0,87.0
Barbosa,Mariano,Villarreal CF,42.0,34,37.0,12.0,36.0,12.0,24.0,38.0,43.0
Bardhi,Enis,Levante UD,76.0,23,54.0,90.0,77.0,84.0,75.0,79.0,64.0
Barragán Fernández,Antonio,Real Betis,69.0,31,74.0,51.0,62.0,53.0,55.0,77.0,71.0
Bartra Aregall,Marc,Real Betis,75.0,28,80.0,45.0,77.0,62.0,52.0,79.0,72.0
Batalha Martins,Gelson Dany,Atlético Madrid,95.33333333333333,23,60.0,60.0,55.0,69.33333333333333,66.0,78.33333333333333,94.33333333333333
Batshuayi,Michy,Valencia CF,78.75,25,64.0,47.5,37.0,77.0,68.0,66.25,77.75
Bautista Orgilles,Jon,Real Sociedad,61.0,23,35.0,57.0,41.0,77.0,70.0,67.0,57.0
Beauvue,Claudio,RC Celta,69.0,30,54.0,71.0,61.0,69.0,70.0,75.0,66.0
Beauvue,Claudio,Stade Malherbe Caen,69.0,30,54.0,71.0,61.0,69.0,70.0,75.0,66.0
Beltrán Peinado,Francisco José,RC Celta,73.0,19,68.0,49.0,74.0,48.0,49.0,75.0,68.0
Ben Yedder,Wissam,Sevilla FC,89.66666666666667,28,57.666666666666664,79.66666666666667,69.0,72.33333333333333,73.33333333333333,78.66666666666667,85.0
Benzema,Karim,Real Madrid,77.33333333333333,31,66.33333333333333,74.0,55.666666666666664,76.33333333333333,84.0,83.66666666666667,77.33333333333333
Benítez Caraballo,Aday,Girona FC,70.0,31,62.0,51.0,62.0,39.0,55.0,75.0,74.0
Berchiche Izeta,Yuri,Athletic Club,78.0,28,85.0,55.0,68.0,77.0,59.0,70.0,77.0
Bergara Larrañaga,Markel,Getafe CF,64.0,32,79.0,71.0,76.0,68.0,59.0,78.0,32.0
Berrocal González,Juan,Sevilla FC,63.0,19,65.0,35.0,56.0,37.0,49.0,62.0,62.0
Bigas Rigo,Pedro,SD Eibar,71.0,28,83.0,43.0,60.0,47.0,48.0,72.0,72.0
Blanco Moreno,Carlos,Villarreal CF,41.0,23,63.0,30.0,70.0,68.0,38.0,63.0,39.0
Blanco Sánchez,Alejandro,Valencia CF,69.0,20,39.0,45.0,58.0,54.0,54.0,65.0,67.0
Blanco Veiga,Rubén,RC Celta,54.0,23,22.0,13.0,29.0,15.0,22.0,35.0,52.0
Boateng,Emmanuel,Levante UD,89.0,22,62.0,41.0,46.0,64.0,64.0,69.0,88.0
Bonera,Daniele,Villarreal CF,33.0,37,80.0,29.0,61.0,53.0,49.0,60.0,30.0
Boudebouz,Ryad,Real Betis,75.0,28,58.0,82.0,76.0,76.0,90.0,81.0,73.0
Bounou,Yassine,Girona FC,39.0,27,25.0,19.0,44.0,19.0,24.0,39.0,35.5
Brasanac,Darko,D. Alavés,61.0,26,81.0,59.0,75.0,62.0,70.0,74.0,54.0
Brasanac,Darko,Real Betis,61.0,26,81.0,59.0,75.0,62.0,70.0,74.0,54.0
Brežančić,Rajko,SD Huesca,73.0,29,72.0,30.0,59.0,51.0,43.0,66.0,77.0
Busquets Burgos,Sergio,FC Barcelona,57.0,30,85.33333333333333,68.0,79.33333333333333,62.333333333333336,69.33333333333333,88.33333333333333,60.333333333333336
Bustinza Martínez,Unai,CD Leganés,66.0,26,71.0,35.0,53.0,38.0,33.0,72.0,68.0
Cabaco,Erick,Levante UD,67.0,23,82.0,27.0,62.0,34.0,32.0,62.0,67.0
Cabral,Gustavo,RC Celta,38.0,33,82.0,48.0,59.0,29.0,47.0,72.0,36.0
Cabral Semedo,Nélson,FC Barcelona,91.0,25,77.5,30.0,65.0,60.5,38.0,73.5,92.5
Cabrera,Leandro,Getafe CF,61.0,27,78.0,48.0,59.0,35.0,49.0,69.0,64.0
Calavera Espinach,Jordi,SD Eibar,78.0,23,71.0,52.0,62.0,66.0,51.0,67.0,87.0
Calero Villa,Fernando,R. Valladolid CF,67.0,23,63.0,27.0,43.0,21.0,39.0,69.0,64.0
Calleri,Jonathan,D. Alavés,74.0,25,68.0,38.0,63.0,73.0,66.0,72.0,76.0
Camacho Barnola,Juan Jose,SD Huesca,30.0,38,65.0,77.0,77.0,71.0,86.0,78.0,32.0
Canales Madrazo,Sergio,Real Betis,64.0,27,55.0,76.0,70.0,78.0,66.0,84.0,57.0
Capa Rodríguez,Ander,Athletic Club,82.0,26,86.0,58.0,56.0,62.0,54.0,71.0,86.0
Cardona Rovira,Marc,SD Eibar,80.0,23,33.0,52.0,50.0,65.0,56.0,60.0,78.0
Carrilho Baptistão,Leonardo,RCD Espanyol,75.0,26,38.0,59.0,55.0,74.0,65.0,75.0,78.0
Carrillo,Guido,CD Leganés,57.0,27,72.0,36.0,57.0,72.0,77.0,64.0,62.0
Carvajal Ramos,Daniel,Real Madrid,79.5,27,82.25,48.0,72.5,37.5,46.75,83.25,85.25
Casilla Cortés,Francisco,Real Madrid,32.5,32,45.0,25.0,24.0,13.0,23.0,30.0,49.5
Cazorla González,Santiago,Villarreal CF,62.333333333333336,34,72.16666666666667,79.5,85.5,83.0,87.0,87.33333333333333,55.166666666666664
Ceballos Fernández,Daniel,Real Madrid,69.5,22,76.5,61.0,78.5,63.5,55.0,80.5,60.0
Centelles Plaza,Alejandro,Valencia CF,60.0,19,59.0,41.0,70.0,42.0,48.0,68.0,70.0
Chagas de Lima,Paulo Henrique,Amiens SC,33.0,29,56.0,76.0,80.0,76.0,76.0,82.0,30.0
Chagas de Lima,Paulo Henrique,Sevilla FC,33.0,29,56.0,76.0,80.0,76.0,76.0,82.0,30.0
Cheryshev,Denis,Valencia CF,77.0,28,62.0,61.0,68.0,84.5,64.0,72.0,79.5
Chichizola,Leandro,Getafe CF,49.0,28,15.0,14.0,13.0,17.0,25.0,14.0,54.0
Cillessen,Jasper,FC Barcelona,54.5,29,25.0,10.0,33.0,15.0,21.0,47.0,50.0
Comesaña Veiga,Santiago,Rayo Vallecano,58.0,22,59.0,47.0,63.0,75.0,39.0,73.0,57.0
Concha Salas,David,Real Sociedad,68.0,22,32.0,52.0,64.0,66.0,72.0,62.0,66.0
Coquelin,Francis,Valencia CF,70.0,27,91.5,41.0,74.5,57.0,52.0,77.5,72.5
Correa,Ángel,Atlético Madrid,83.5,23,41.0,65.0,65.0,83.5,55.0,73.5,78.0
Correia Pinto,Luis Carlos,SD Huesca,72.0,33,83.0,59.0,68.0,53.0,51.0,75.0,67.0
Costa Jordá,Jaume Vicent,Villarreal CF,78.0,30,85.0,59.0,65.0,62.0,56.0,79.0,81.0
Costa Ventura,Robert,RC Celta,44.0,24,51.0,31.0,56.0,28.0,43.0,62.0,50.0
Costas Cordal,David,RC Celta,68.0,23,64.0,59.0,62.0,44.0,50.0,70.0,67.0
Cotán Pérez,Antonio Jesús,R. Valladolid CF,64.0,23,58.0,42.0,70.0,68.0,65.0,73.0,60.0
Courtois,Thibaut,Real Madrid,46.5,26,23.0,20.0,35.0,17.0,27.0,33.0,52.5
Coutinho Correia,Philippe,FC Barcelona,90.0,26,55.666666666666664,87.0,81.33333333333333,94.0,70.33333333333333,89.0,75.33333333333333
Cucurella Saseta,Marc,FC Barcelona,82.0,20,70.0,48.0,61.0,40.0,39.0,68.0,85.0
Cucurella Saseta,Marc,SD Eibar,82.66666666666667,20,75.33333333333333,53.333333333333336,67.66666666666667,44.666666666666664,43.666666666666664,76.0,86.33333333333333
Cuéllar Sacristán,Iván,CD Leganés,59.0,34,28.0,20.0,28.0,12.0,25.0,23.0,43.0
Cáseres,Santiago,Villarreal CF,67.0,21,58.0,39.0,65.0,58.0,50.0,71.0,70.0
Córdoba Kerejeta,Iñigo,Athletic Club,85.0,21,68.0,38.0,65.0,73.0,71.0,75.0,82.0
Darder Moll,Sergi,RCD Espanyol,58.0,25,71.0,58.0,81.0,69.0,55.0,84.0,45.0
De Blasis,Pablo,SD Eibar,81.0,30,74.0,62.0,66.0,72.0,79.0,74.0,75.0
De Marcos Arana,Oscar,Athletic Club,79.5,29,78.0,54.5,71.0,59.0,58.0,77.5,90.0
Dembélé,Ousmane,FC Barcelona,92.25,21,55.0,65.5,71.5,67.5,76.75,78.25,88.5
Diakhaby,Mouctar,Valencia CF,57.0,22,76.0,26.0,52.5,29.0,49.5,68.5,59.5
Dias Correia,Tiago Manuel,Rayo Vallecano,76.0,28,72.0,73.0,69.0,70.0,65.0,71.0,91.0
Dias Correia,Tiago Manuel,SD Eibar,76.0,28,72.0,73.0,69.0,70.0,65.0,71.0,91.0
Dias De Oliveira,Charles,SD Eibar,67.33333333333333,34,67.33333333333333,55.666666666666664,54.666666666666664,79.33333333333333,62.333333333333336,71.33333333333333,61.666666666666664
Diop,Papakouli,SD Eibar,50.0,32,89.0,69.0,72.0,71.0,61.0,74.0,54.0
Diéguez Grande,Adrián,D. Alavés,62.0,22,61.0,32.0,39.0,27.0,41.0,60.0,62.0
Dmitrović,Marko,SD Eibar,39.0,26,20.0,9.0,40.0,17.0,9.0,40.0,35.0
Domenech Sánchez,Jaume,Valencia CF,58.0,28,21.0,13.0,32.0,12.0,25.0,32.0,58.0
Dos Santos,Mauro,CD Leganés,56.0,29,79.0,43.0,56.0,33.0,46.0,66.0,59.0
Dos Santos Ferreira,Alejandro,Atlético Madrid,22.0,20,22.0,12.0,18.0,10.0,15.0,16.0,21.0
Doukouré,Cheick,Levante UD,76.0,26,77.0,66.0,68.0,66.0,59.0,72.0,74.0
Doumbia,Seydou,Girona FC,88.0,31,63.0,72.0,65.5,71.5,84.0,73.0,92.5
Duarte,Óscar,RCD Espanyol,55.0,29,74.0,32.0,55.0,24.0,37.0,70.0,66.0
Duarte Sánchez,Rubén,D. Alavés,68.0,23,70.0,60.0,55.0,30.0,40.0,77.0,69.0
Dwamena,Raphael,Levante UD,76.0,23,47.0,42.0,41.0,67.0,66.0,58.0,82.0
Díaz Mejía,Mariano,Real Madrid,84.0,25,86.33333333333333,76.33333333333333,51.0,82.33333333333333,75.0,69.33333333333333,85.33333333333333
Eckert,Dennis,RC Celta,58.0,22,25.0,50.0,37.0,60.0,59.0,59.0,48.0
El Haddadi,Munir,FC Barcelona,78.0,23,38.0,67.0,58.0,77.0,66.0,78.0,81.0
El Zhar,Nabil,CD Leganés,76.0,32,58.0,58.0,64.0,71.0,72.0,77.0,68.0
Elustondo,Aritz,Real Sociedad,67.0,24,77.0,41.0,43.0,40.0,43.0,72.0,71.0
Elustondo Urkola,Gorka,Rayo Vallecano,49.0,31,88.0,80.0,73.0,74.0,67.0,76.0,61.0
Ely,Rodrigo,D. Alavés,63.0,25,75.0,18.0,54.0,38.0,35.0,62.0,69.0
Embarba Blazquez,Adrián,Rayo Vallecano,76.0,26,56.0,65.0,76.0,68.0,55.0,78.0,79.0
En-Nesyri,Youssef,CD Leganés,75.0,21,37.0,47.0,46.0,68.0,59.0,63.0,77.0
Enrich Ametller,Sergi,SD Eibar,60.0,28,66.0,47.0,61.0,70.0,63.0,79.0,65.0
Eraso Goñi,Javier,CD Leganés,59.0,28,82.0,59.0,79.0,75.0,53.0,80.0,59.0
Escalante,Gonzalo,SD Eibar,71.0,25,85.0,52.0,74.0,58.0,64.0,76.0,72.0
Escudero Palomo,Sergio,Sevilla FC,72.0,29,75.0,69.0,77.0,63.0,66.0,77.0,77.0
Espinosa,Bernardo,Girona FC,43.0,29,79.0,42.0,61.0,42.0,52.0,74.0,51.0
Espinosa González,Javier,Levante UD,72.0,26,49.0,72.0,69.0,68.0,66.0,77.0,64.0
Etxebarria Urkiaga,Beñat,Athletic Club,64.0,31,78.0,84.0,82.0,76.0,69.0,81.0,41.0
Etxeita Gorritxat.,Xabier,SD Huesca,37.0,31,83.0,43.0,54.0,34.0,30.0,63.0,53.0
Ezkieta Mendiburu,Jokin,FC Barcelona,41.0,22,25.0,19.0,27.0,14.0,24.0,28.0,49.0
Feddal,Zouhair,Real Betis,51.0,29,82.0,38.0,68.0,56.0,48.0,76.0,62.0
Fernández,Aitor,Levante UD,58.0,27,15.0,14.0,22.0,12.0,24.0,21.0,53.0
Fernández Fernández,Borja,R. Valladolid CF,33.0,38,80.0,68.0,68.0,69.0,63.0,71.0,33.0
Fernández Iglesias,José Ignacio,Real Madrid,70.66666666666667,29,78.66666666666667,37.666666666666664,62.333333333333336,29.0,46.666666666666664,82.33333333333333,79.33333333333333
Fernández Luna,Carlos,RC Deportivo,60.666666666666664,22,67.33333333333333,25.0,45.0,76.33333333333333,78.33333333333333,64.0,69.33333333333333
Fernández Luna,Carlos,Sevilla FC,56.0,22,64.0,23.0,41.0,71.0,73.0,58.0,64.0
Fernández Moreno,Andrés Eduardo,Villarreal CF,58.0,32,40.0,12.0,40.0,12.0,21.0,35.0,55.0
Ferreiro Quiroga,David,SD Huesca,92.0,30,74.0,74.0,71.0,75.0,69.0,70.0,90.0
Firpo,Junior,Real Betis,75.6,22,57.4,45.4,74.2,65.8,41.0,76.2,72.0
Fornals Malla,Pablo,Villarreal CF,69.5,22,70.0,61.5,82.0,83.5,48.0,86.0,68.5
Foulquier,Dimitri,Getafe CF,66.0,25,67.0,40.0,59.0,49.0,49.0,67.0,75.0
Franco Alviz,Jorge,D. Alavés,74.0,25,35.0,64.0,63.0,66.0,59.0,74.0,78.0
Fuego Martínez,Javier,Villarreal CF,57.0,35,83.0,62.0,72.0,64.0,60.0,78.0,42.0
Funes Mori,Ramiro,Villarreal CF,61.0,27,83.0,58.0,55.0,56.0,52.0,67.0,68.0
Gallar Falguero,Álejandro,SD Huesca,70.0,26,42.0,80.0,70.0,71.0,74.0,71.0,68.0
Gameiro,Kévin,Valencia CF,88.0,31,67.33333333333333,71.0,73.0,76.0,86.66666666666667,80.66666666666667,87.0
Ganchinho Guedes,Gonçalo Manuel,Valencia CF,87.0,22,67.0,70.0,68.0,80.5,69.0,78.5,89.5
Ganea,Cristian,Athletic Club,77.0,26,73.0,76.0,62.0,69.0,38.0,62.0,78.0
Garay,Ezequiel,Valencia CF,34.0,32,77.0,74.0,72.0,64.0,69.0,69.0,36.0
García,Luís,Sevilla FC,51.0,20,28.0,13.0,38.0,20.0,20.0,30.0,55.0
García Aranda,Antonio,Levante UD,82.0,29,56.0,59.0,66.0,61.0,62.0,73.0,84.0
García Cabrera,Alberto,Rayo Vallecano,62.0,33,34.0,20.0,27.0,11.0,21.0,29.0,63.0
García Carnero,Raúl,CD Leganés,70.0,29,74.0,73.0,68.0,64.0,64.0,72.0,71.0
García Carrillo,Daniel,Athletic Club,53.0,28,88.0,57.0,81.0,58.0,58.0,86.0,35.0
García Escudero,Raúl,Athletic Club,47.0,32,84.0,68.0,79.0,83.0,76.0,81.0,57.0
García Fernández,Fran. Javier,Real Betis,62.0,31,86.0,44.0,77.0,54.0,61.0,82.0,62.0
García Freire,Borja,Girona FC,81.0,28,52.0,54.0,80.0,78.0,62.0,82.0,77.0
García Martínez,Enrique,SD Eibar,65.0,29,71.0,46.0,49.0,78.0,70.0,77.0,71.0
García Quintela,Óscar Francisco,Atlético Madrid,73.0,22,39.0,44.0,63.0,70.0,47.0,68.0,70.0
García Rivera,Álvaro,Rayo Vallecano,92.0,26,33.0,50.0,60.0,63.0,55.0,68.0,93.0
García Serrano,Aleix,Girona FC,66.0,21,54.0,62.0,74.0,58.0,54.0,78.0,60.0
García Sánchez,Manuel,D. Alavés,46.0,32,90.0,54.0,73.0,53.0,71.0,77.0,61.0
García Sánchez,Samuel,Levante UD,71.0,28,48.0,48.0,67.0,64.0,63.0,72.0,73.0
García de la Fuente,Sergio,RCD Espanyol,70.0,35,61.0,64.0,72.0,74.0,80.0,76.0,69.0
Gayà Peña,José Luís,Valencia CF,86.0,23,72.5,49.0,75.0,59.0,52.0,81.5,87.5
Gil,Ignacio,Elche CF,78.0,23,50.0,62.0,68.0,65.0,59.0,72.0,75.0
Gil,Ignacio,Valencia CF,78.0,23,50.0,62.0,68.0,65.0,59.0,72.0,75.0
Giménez,José María,Atlético Madrid,66.0,23,89.5,44.0,58.5,48.5,38.0,68.5,70.5
Gnagnon,Joris,Sevilla FC,66.0,22,76.0,28.0,47.0,27.0,47.0,65.0,66.0
Godín,Diego,Atlético Madrid,69.25,32,88.75,51.5,71.25,43.5,51.25,80.25,69.25
Gomes Pereira,Edinaldo,RCD Espanyol,43.0,30,72.0,41.0,60.0,41.0,43.0,65.0,49.0
Gonalons,Maxime,Sevilla FC,65.0,29,83.0,57.0,74.0,59.0,68.0,74.0,55.0
Gontán Gallardo,Sergio,R. Valladolid CF,75.0,27,54.0,69.0,73.0,68.0,66.0,75.0,71.0
González Cabrera,Bruno,Getafe CF,32.0,28,81.0,31.0,68.0,22.0,42.0,73.0,35.0
González Gutiérrez,Mario,Villarreal CF,68.0,22,39.0,38.0,41.0,56.0,39.0,61.0,70.0
González Pérez,Cristo,Real Madrid,73.0,21,52.0,50.0,60.0,63.0,54.0,64.0,70.0
González Soberón,Álvaro,Villarreal CF,73.0,29,90.5,47.5,60.5,26.5,37.0,73.0,74.5
González Tomás,Borja,D. Alavés,52.0,26,61.0,46.0,54.0,72.0,72.0,68.0,62.0
Gracia Gallardo,Julio,Real Betis,53.0,20,52.0,39.0,61.0,58.0,37.0,65.0,56.0
Granell Nogué,Àlex,Girona FC,65.0,30,73.0,76.0,79.0,81.0,68.0,83.0,60.0
Granero Molina,Esteban,RCD Espanyol,55.0,31,72.0,76.0,82.0,78.0,73.0,83.0,50.0
Griezmann,Antoine,Atlético Madrid,89.85714285714286,27,70.42857142857143,77.0,77.0,82.85714285714286,74.85714285714286,83.71428571428571,86.14285714285714
Guardiola Navarro,Sergio,Getafe CF,61.0,27,67.0,43.0,41.0,77.0,71.0,72.0,61.0
Guerra Rodríguez,Javier,Rayo Vallecano,58.0,36,59.0,50.0,57.0,67.0,80.0,63.0,64.0
Guerrero Martín,Francisco,Real Betis,77.0,22,55.0,52.0,74.0,42.0,53.0,72.0,82.0
Guidetti,John,D. Alavés,65.0,26,75.0,80.0,53.0,81.0,81.0,75.0,65.0
Guitián Ceballos,Alberto,R. Valladolid CF,64.0,28,71.0,34.0,64.0,37.0,30.0,70.0,66.0
Gumbau Garriga,Gerard,CD Leganés,34.0,24,60.0,62.0,79.0,73.0,50.0,81.0,29.0
Guridi Aldalur,Jon,Real Sociedad,57.0,23,38.0,45.0,69.0,62.0,43.0,73.0,62.0
Gómez,Maximiliano,RC Celta,61.0,22,65.0,53.0,58.0,76.0,67.0,76.0,65.0
Gómez Bordonado,Moisés,SD Huesca,72.0,24,52.0,59.0,69.0,69.0,59.0,79.0,68.0
Gómez Campaña,José,Levante UD,65.0,25,66.0,78.0,81.0,76.0,69.0,82.0,61.0
Gómez Hermoso,Enrique,Rayo Vallecano,67.0,28,53.0,33.0,35.0,30.0,46.0,40.0,54.0
Gómez Pérez,Ibai,D. Alavés,76.0,29,63.0,81.0,78.0,78.0,65.0,76.0,74.0
Gómez Solà,Sergi,Sevilla FC,43.0,26,69.0,46.0,77.0,47.0,41.0,80.0,34.0
Gürler,Serdar,SD Huesca,89.0,27,33.0,60.0,59.0,62.0,52.0,70.0,85.0
Hermoso Canseco,Mario,RCD Espanyol,78.0,23,73.0,55.0,58.0,32.0,45.0,64.0,88.0
Hernández,Juan Camilo,SD Huesca,88.0,19,40.0,68.0,59.0,74.0,54.0,67.0,83.0
Hernández,Lucas,Atlético Madrid,80.33333333333333,22,83.0,28.333333333333332,64.0,48.0,34.666666666666664,81.66666666666667,85.0
Hernández,Theo,Real Sociedad,90.0,21,75.0,64.0,52.0,54.0,41.0,76.0,93.0
Hernández Cascante,Rodrigo,Atlético Madrid,70.5,22,63.0,54.0,79.5,76.5,46.0,81.5,66.0
Hernández Ortega,Héctor,CD Tenerife,77.0,27,76.0,59.0,56.0,41.0,35.0,66.0,77.0
Hernández Ortega,Héctor,Real Sociedad,77.0,27,76.0,59.0,56.0,41.0,35.0,66.0,77.0
Herrero Javaloyas,Miguel Ángel,R. Valladolid CF,61.0,30,64.0,73.0,77.0,72.0,74.0,80.0,59.0
Herrerín Buisán,Iago,Athletic Club,45.0,30,37.0,12.0,29.0,16.0,25.0,16.0,34.0
Hervías Rubio,Pablo,SD Eibar,80.0,25,42.0,67.0,66.0,64.0,51.0,69.0,78.0
Hjulsager,Andrew,RC Celta,79.0,24,58.0,55.0,68.0,65.0,53.0,71.0,77.0
Ibáñez Castro,Roberto,Getafe CF,76.0,25,52.0,52.0,67.0,65.0,63.0,72.0,75.0
Iglesias Quintas,Borja,RCD Espanyol,59.0,26,42.0,36.0,64.0,75.0,78.0,68.0,65.0
Illarramendi,Asier,Real Sociedad,66.0,28,76.0,68.0,82.0,76.0,50.0,86.0,57.0
Insua Blanco,Pablo,SD Huesca,52.0,25,70.0,23.0,62.0,29.0,32.0,74.0,54.0
Inui,Takashi,Real Betis,88.0,30,49.0,65.0,70.0,77.0,51.0,76.0,77.0
Iraizoz Moreno,Gorka,Girona FC,32.0,37,38.0,13.0,20.0,14.0,13.0,29.0,33.0
Iturraspe Derteano,Ander,Athletic Club,52.0,29,70.0,66.0,78.0,68.0,58.0,81.0,54.0
Januzaj,Adnan,Real Sociedad,82.0,23,43.0,67.0,76.0,73.0,62.5,81.5,78.5
Jensen,Mathias,RC Celta,74.0,23,65.0,66.0,75.0,69.0,69.0,76.0,74.0
Jiménez Gago,Roberto,RCD Espanyol,45.0,32,29.0,14.0,38.0,11.0,19.0,39.0,48.0
Jiménez García,Javier,Valencia CF,53.0,21,69.0,29.0,53.0,28.0,46.0,63.0,51.0
Jiménez López,Juan Miguel,Real Sociedad,77.0,25,57.0,57.0,53.0,72.0,63.0,75.0,76.0
Jordán Moreno,Joan,SD Eibar,67.25,24,63.25,69.25,80.0,81.75,65.0,82.0,71.0
Jovanović,Aleksandar,SD Huesca,22.0,26,20.0,10.0,15.0,8.0,14.0,22.0,22.0
Juan Llambrich,Miguel,Villarreal CF,71.0,23,58.0,27.0,49.0,29.0,35.0,63.0,66.0
Juncà Reñé,David,RC Celta,81.0,25,75.0,58.0,61.0,46.0,55.0,72.0,77.0
Kakuta,Gaël,Rayo Vallecano,83.0,27,42.0,78.0,66.0,65.0,51.0,74.0,75.0
Kalinić,Nikola,Atlético Madrid,67.0,31,68.0,54.0,48.0,60.0,70.0,72.5,73.5
Kaptoum,Wilfrid,Real Betis,64.0,22,54.0,39.0,69.0,67.0,50.0,75.0,56.0
Kasmirski,Filipe Luís,Atlético Madrid,77.0,33,82.0,75.66666666666667,77.66666666666667,60.333333333333336,66.0,81.33333333333333,76.0
Kjær,Simon,Sevilla FC,56.0,29,75.0,69.0,69.0,41.0,61.0,76.0,65.0
Kondogbia,Geoffrey,Valencia CF,70.0,25,86.66666666666667,57.0,82.0,81.33333333333333,45.333333333333336,85.0,77.66666666666667
Kroos,Toni,Real Madrid,69.33333333333333,29,60.0,84.0,93.66666666666667,93.0,73.33333333333333,92.66666666666667,66.66666666666667
Laguardia Cisneros,Víctor,D. Alavés,54.0,29,89.0,35.0,57.0,30.0,32.0,70.0,63.0
Lasso De La Vega,Borja,Sevilla FC,54.0,25,81.0,64.0,69.0,71.0,59.0,71.0,51.0
Latorre Grueso,Antonio,Valencia CF,82.5,21,67.5,38.0,70.5,53.0,39.0,72.5,81.5
Layún,Miguel,Villarreal CF,76.0,30,72.0,74.0,74.0,76.0,74.0,76.0,76.0
Lee,Kangin,Valencia CF,69.0,17,30.0,82.0,71.0,70.0,74.0,65.0,67.0
Leiva,Nahuel,Olympiacos CFP,75.0,22,49.0,61.0,62.0,63.0,59.0,68.0,67.0
Leiva,Nahuel,Villarreal CF,75.0,22,49.0,61.0,62.0,63.0,59.0,68.0,67.0
Lekue Martínez,Iñigo,Athletic Club,90.0,25,67.0,56.0,67.0,68.0,53.0,74.0,84.0
Lemar,Thomas,Atlético Madrid,86.33333333333333,23,63.0,81.0,75.0,76.33333333333333,68.0,84.33333333333333,84.0
Lenglet,Clément,FC Barcelona,72.0,23,80.5,27.0,69.5,35.5,43.5,78.5,73.5
León Limones,Sergio,Real Betis,76.0,30,71.0,64.0,34.0,79.0,80.0,72.0,75.0
Llorente Moreno,Marcos,Real Madrid,53.0,23,65.0,51.0,81.5,56.5,53.5,84.5,54.5
Llorente Ríos,Diego Javier,Real Sociedad,65.0,25,75.0,35.0,72.0,37.0,53.0,76.0,63.0
Lobotka,Stanislav,RC Celta,70.0,24,57.0,55.0,76.0,65.0,56.0,84.0,63.0
Longo,Samuele,SD Huesca,74.0,27,80.0,43.0,40.0,67.0,64.0,65.0,77.0
Lozano,Anthony,Girona FC,76.0,25,61.0,28.0,53.0,69.0,67.0,70.0,79.0
Lozano Vizuete,Pol,RCD Espanyol,60.0,19,42.0,38.0,58.0,40.0,49.0,64.0,63.0
Luna Rodriguez,Antonio Manuel,Levante UD,71.0,27,82.0,45.0,63.0,55.0,43.0,76.0,72.0
Lunin,Andriy,CD Leganés,33.0,19,22.0,15.0,26.0,7.0,19.0,25.0,26.0
López Cabrera,Unai,Athletic Club,74.0,23,72.0,79.0,74.0,71.0,46.0,75.0,72.0
López Marmol,Lluis,RCD Espanyol,64.0,21,71.0,26.0,58.0,18.0,33.0,62.0,58.0
López Muñoz,Pedro,Levante UD,68.0,35,77.0,56.0,64.0,66.0,58.0,70.0,68.0
López Rodríguez,Diego,RCD Espanyol,34.0,37,36.0,11.0,23.0,11.0,21.0,28.0,52.0
López Rodríguez,Javier,RCD Espanyol,67.0,32,84.0,52.0,61.0,43.0,56.0,76.0,72.0
López Sabata,Pau,Real Betis,45.0,24,39.0,21.0,41.0,18.0,25.0,38.0,52.0
López Silva,David,RCD Espanyol,55.666666666666664,29,78.66666666666667,46.666666666666664,64.66666666666667,66.0,52.0,80.33333333333333,60.333333333333336
López Álvarez,Iván,R. Valladolid CF,81.0,24,49.0,66.0,65.0,76.0,73.0,71.0,80.0
Machín Pérez,Víctor,Atlético Madrid,78.5,29,61.0,62.0,80.5,73.0,74.0,79.5,77.0
Maksimović,Nemanja,Getafe CF,62.0,23,59.0,72.0,77.0,69.0,50.0,79.0,65.0
Mallo Novegil,Hugo,RC Celta,71.0,27,76.0,38.0,68.0,39.0,23.0,71.0,71.0
Mandi,Aïssa,Real Betis,65.0,27,69.0,49.0,73.0,49.0,35.0,78.0,66.0
Maripán,Guillermo,D. Alavés,45.0,24,75.0,27.0,51.0,24.0,20.0,66.0,48.0
Martins Carriço,Daniel Filipe,Sevilla FC,47.0,30,85.0,54.0,75.0,50.0,62.0,74.0,54.0
Martí Salvador,Roger,Levante UD,78.0,28,65.0,46.0,48.0,72.0,78.0,71.0,79.0
Martín Vigaray,Carlos,D. Alavés,74.0,24,67.0,45.0,48.0,39.0,45.0,65.0,69.0
Martínez Berridi,Iñigo,Athletic Club,71.0,27,84.0,51.0,81.0,74.0,39.0,71.0,74.0
Martínez García,José Ignacio,R. Valladolid CF,80.0,29,75.0,58.0,67.0,64.0,40.0,63.0,88.0
Marín Gómez,Adrián,D. Alavés,68.0,22,69.0,35.0,56.0,42.0,38.0,73.0,72.0
Masip López,Jordi,R. Valladolid CF,57.0,30,21.0,20.0,38.0,13.0,12.0,42.0,64.0
Mata Arnaiz,Jaime,Getafe CF,72.0,30,73.0,48.0,49.0,71.0,70.0,61.0,76.0
Mayoral Moya,Borja,Levante UD,68.0,21,27.0,57.0,43.0,70.0,69.0,69.0,72.0
Mayoral Moya,Borja,Real Madrid,68.0,21,27.0,57.0,43.0,70.0,69.0,69.5,72.5
Mazáň,Robert,RC Celta,54.0,24,72.0,39.0,66.0,42.0,63.0,72.0,55.0
Medrán Just,Álvaro,Rayo Vallecano,60.0,24,45.0,76.0,80.0,80.0,80.0,81.0,63.0
Melendo Jiménez,Óscar,RCD Espanyol,60.0,21,57.0,35.0,77.0,60.0,37.0,79.0,65.0
Melero Manzanares,Gonzalo,SD Huesca,59.0,25,58.0,67.0,74.0,73.0,58.0,77.0,63.0
Mena Rodríguez,José,Sevilla FC,64.0,20,55.0,55.0,66.0,40.0,53.0,65.0,59.0
Mercado,Gabriel,Sevilla FC,75.0,31,81.0,54.0,65.0,58.0,49.0,71.0,75.0
Merino Zazón,Mikel,Real Sociedad,61.0,22,73.0,69.0,74.0,67.0,58.0,78.0,62.0
Merino Zuloaga,Sabin,Athletic Club,69.0,27,60.0,66.0,62.0,71.0,69.0,71.0,78.0
Merino Zuloaga,Sabin,CD Leganés,69.0,27,60.0,66.0,62.0,71.0,69.0,71.0,78.0
Mesa Quevedo,Roque,Sevilla FC,74.0,29,89.0,48.0,77.0,54.0,42.0,82.0,75.0
Mesa Visiga,Rubén,Villarreal CF,62.0,27,68.0,43.0,35.0,64.0,73.0,57.0,52.0
Messi,Lionel,FC Barcelona,93.33333333333333,31,52.333333333333336,96.66666666666667,89.66666666666667,95.83333333333333,76.33333333333333,93.33333333333333,87.66666666666667
Milla Peña,Pere,SD Eibar,78.0,26,45.0,58.0,60.0,70.0,62.0,67.0,76.0
Mina Lorenzo,Santiago,Valencia CF,78.33333333333333,23,70.33333333333333,57.0,67.0,76.66666666666667,64.0,71.66666666666667,83.0
Miquel i Pons,Ignasi,Getafe CF,64.0,26,75.0,24.0,58.0,21.0,43.0,69.0,66.0
Miramón,Jorge,SD Huesca,73.0,29,52.0,64.0,70.0,53.0,65.0,73.0,71.0
Miranda González,Juan,FC Barcelona,65.0,18,57.0,37.0,56.0,37.0,44.0,63.0,69.0
Modrić,Luka,Real Madrid,85.0,33,69.0,80.33333333333333,90.66666666666667,88.0,88.0,95.33333333333333,76.33333333333333
Mohamed Tuhami,Anuar,R. Valladolid CF,73.0,24,70.0,42.0,70.0,46.0,51.0,72.0,71.0
Mojica,Johan,Girona FC,89.0,26,75.0,68.0,70.0,61.0,67.0,78.0,90.0
Molina Orta,Daniel,RC Celta,53.0,22,63.0,59.0,69.0,66.0,55.0,72.0,58.0
Molina Vidal,Jorge,Getafe CF,34.0,36,76.0,59.0,57.0,75.0,80.0,75.0,41.0
Montiel Caballero,Jonathan,RC Deportivo,65.0,20,59.0,38.0,69.0,62.0,47.0,67.0,61.0
Montiel Caballero,Jonathan,Rayo Vallecano,65.0,20,59.0,38.0,69.0,62.0,47.0,67.0,61.0
Montolio Lafuente,Genís,RCD Espanyol,63.0,22,62.0,28.0,58.0,35.0,30.0,70.0,58.0
Mor,Emre,RC Celta,88.0,21,55.0,38.0,47.0,62.0,49.0,67.0,81.0
Moreno,Héctor,Real Sociedad,65.0,31,77.0,28.0,68.0,44.0,63.0,75.0,63.0
Moreno Balagueró,Gerard,Villarreal CF,78.0,26,56.5,57.5,57.5,78.5,74.5,80.0,81.5
Moreno Fuertes,Juan Francisco,CD Leganés,74.0,30,68.0,60.0,67.0,80.0,59.0,72.0,79.0
Moreno Lopera,Alexandre,Rayo Vallecano,71.0,25,49.0,57.0,64.0,60.0,70.0,72.0,78.0
Moreno Machado,Rodrigo,Valencia CF,88.33333333333333,27,60.333333333333336,67.33333333333333,58.333333333333336,79.66666666666667,77.66666666666667,79.0,93.0
Morlanes Ariño,Manuel,Villarreal CF,74.0,20,57.0,71.0,70.0,59.0,70.0,76.0,64.0
Morón García,Lorenzo,Real Betis,63.0,25,38.0,53.0,35.0,80.0,77.0,74.0,66.0
Moyano Lujano,Javier,R. Valladolid CF,79.0,32,65.0,53.0,49.0,51.0,46.0,62.0,77.0
Moyá Rumbo,Miguel Ángel,Real Sociedad,46.0,34,22.0,12.0,35.0,16.0,11.0,31.0,34.0
Muniain Goñi,Iker,Athletic Club,83.0,26,66.0,69.0,65.0,72.0,61.0,75.0,75.0
Muniesa Martínez,Marc,Girona FC,42.0,26,78.0,40.0,56.0,37.0,50.0,73.0,59.0
Murara Neto,Norberto,Valencia CF,54.0,29,40.0,13.0,41.0,20.0,22.0,36.0,49.333333333333336
Muriel,Luis,Sevilla FC,86.0,27,50.0,60.0,55.0,65.0,74.0,75.0,90.0
Murillo,Jeison,Valencia CF,75.0,26,88.5,26.0,62.5,13.0,46.5,69.5,76.5
Musto,Damián,SD Huesca,42.0,31,78.0,50.0,76.0,67.0,40.0,79.0,49.0
Muñoz,Ezequiel,CD Leganés,43.0,28,78.0,30.0,55.0,31.0,21.0,60.0,44.0
Méndez Portela,Brais,RC Celta,75.0,22,38.0,60.0,69.66666666666667,76.66666666666667,66.0,79.33333333333333,75.0
Narváez,Juan José,Real Betis,74.0,23,38.0,42.0,71.0,70.0,59.0,73.0,76.0
Narváez,Juan José,UD Almería,74.0,23,38.0,42.0,71.0,70.0,59.0,73.0,76.0
Navarro Jiménez,Joaquín,D. Alavés,70.0,28,80.0,42.0,61.0,55.0,48.0,74.0,75.0
Navas,Keylor,Real Madrid,54.5,32,32.0,15.0,37.0,13.0,25.0,30.0,53.0
Navas González,Jesús,Sevilla FC,88.0,33,63.0,46.0,73.0,70.0,56.0,75.0,85.0
Ndiaye Diedhiou,Amath,Getafe CF,89.0,22,62.0,65.0,60.0,64.0,49.0,72.0,89.0
Nunes Vezo,Rúben Miguel,Valencia CF,69.0,24,76.0,32.0,67.0,56.0,55.0,70.0,69.0
Nyom,Allan,CD Leganés,67.0,30,80.0,30.0,64.0,66.0,37.0,63.0,76.0
Núñez Gestoso,Unai,Athletic Club,66.0,21,74.0,22.0,33.0,17.0,31.0,74.0,68.0
Oblak,Jan,Atlético Madrid,43.5,26,34.0,14.0,26.0,12.0,11.0,29.0,60.5
Odriozola Arzalluz,Álvaro,Real Madrid,80.0,23,63.0,30.0,70.0,59.5,62.5,77.5,82.5
Ojeda Saranova,Daniel,CD Leganés,71.0,24,38.0,43.0,66.0,58.0,72.0,64.0,68.0
Olazábal Paredes,Oier,Levante UD,46.333333333333336,29,28.0,15.0,33.0,15.0,25.0,35.0,43.666666666666664
Olivas Alba,Francisco José,R. Valladolid CF,36.0,30,71.0,36.0,56.0,36.0,38.0,64.0,39.0
Omeruo,Kenneth,CD Leganés,67.0,25,76.0,23.0,60.0,31.0,35.0,63.0,75.0
Orellana,Fabián,SD Eibar,77.0,32,54.0,79.0,74.0,80.0,75.0,78.0,71.0
Oyarzabal Ugarte,Mikel,Real Sociedad,71.0,21,40.0,71.0,73.0,79.0,47.0,80.0,74.0
Pacheco Antunes,Vitorino,Getafe CF,76.0,31,75.0,80.0,76.0,84.0,61.0,77.0,79.0
Pacheco Flores,Fernando,D. Alavés,52.0,26,27.0,20.0,27.0,15.0,23.0,24.0,45.333333333333336
Paik,Seung Ho,Girona FC,67.0,21,52.0,42.0,62.0,64.0,48.0,71.0,68.0
Pardo Gutiérrez,Rubén,Real Sociedad,64.0,26,58.0,73.0,75.0,73.0,69.0,78.0,65.0
Parejo Muñoz,Daniel,Valencia CF,52.2,29,63.4,91.0,87.2,83.8,84.8,91.0,43.4
Partey,Thomas,Atlético Madrid,73.5,25,76.5,59.5,81.25,77.75,47.5,87.25,77.25
Pascual Santonja,Andrés,Valencia CF,58.0,22,45.0,59.0,59.0,60.0,58.0,59.0,55.0
Pedraza Sag,Alfonso,Villarreal CF,78.0,22,58.0,57.0,68.0,66.0,64.0,70.0,83.0
Pedrosa Loureiro,Daniel,R. Valladolid CF,59.0,22,37.0,43.0,36.0,52.0,60.0,50.0,58.0
Piatti,Pablo,RCD Espanyol,89.0,29,55.0,58.0,70.0,72.0,64.0,76.0,83.0
Piccini,Cristiano,Valencia CF,74.0,26,74.0,37.0,59.0,35.0,35.0,73.5,76.5
Pina Isla,Tomás,D. Alavés,64.66666666666667,31,77.0,62.666666666666664,81.33333333333333,72.66666666666667,63.0,82.33333333333333,58.0
Piqué Bernabeu,Gerard,FC Barcelona,50.2,31,73.0,43.2,81.0,51.6,70.4,82.0,62.0
Planas Antolínez,Carles,Girona FC,73.0,27,73.0,50.0,58.0,37.0,51.0,76.0,71.0
Plano Pedreño,Óscar,R. Valladolid CF,79.0,27,58.0,68.0,61.0,72.0,66.0,64.0,79.0
Pons Riera,Pere,Girona FC,68.0,25,75.0,62.0,80.0,64.0,45.0,82.0,67.0
Portillo Soler,Francisco,Getafe CF,67.0,28,48.0,56.0,75.0,70.0,49.0,78.0,61.0
Portugues Manzanera,Cristian,Girona FC,85.0,26,76.0,64.0,78.0,75.0,53.0,83.0,80.0
Postigo Redondo,Sergio,Levante UD,59.0,30,75.0,26.0,69.0,34.0,45.0,65.0,64.0
Pozo la Rosa,José Ángel,Rayo Vallecano,74.0,22,39.0,64.0,75.0,74.0,66.0,77.0,72.0
Prcić,Sanjin,Levante UD,62.0,25,70.0,73.0,73.0,60.0,63.0,76.0,65.0
Puig Martí,Ricard,FC Barcelona,63.0,19,44.0,51.0,74.0,49.0,55.0,76.0,66.0
Pulido Mayoral,Jorge,SD Huesca,39.0,27,78.0,38.0,43.0,18.0,47.0,67.0,47.0
Pérez,Hernán,RCD Espanyol,78.0,29,85.0,62.0,67.0,78.0,48.0,76.0,76.0
Pérez Martínez,Mario Gaspar,Villarreal CF,76.0,28,78.0,54.0,69.0,69.0,50.0,77.0,80.0
Pérez Mateo,Javier,R. Valladolid CF,52.0,23,41.0,37.0,56.0,60.0,47.0,61.0,60.0
Pérez del Mármol,Rubén Salvador,CD Leganés,54.0,29,87.0,57.0,71.0,71.0,50.0,78.0,45.0
Raba Antolin,Daniel,Villarreal CF,75.0,23,50.0,42.0,74.0,60.0,49.0,76.0,72.0
Radoja,Nemanja,RC Celta,52.0,25,74.0,36.0,78.0,71.0,42.0,77.0,38.0
Rakitić,Ivan,FC Barcelona,67.33333333333333,30,67.0,84.0,90.66666666666667,90.66666666666667,82.0,87.66666666666667,59.666666666666664
Ramalho Chimeno,Jonás,Girona FC,67.0,25,76.0,34.0,52.0,34.0,41.0,69.0,74.0
Ramis Barrios,Iván,SD Eibar,34.0,34,84.0,77.0,72.0,65.0,65.0,72.0,35.0
Ramos García,Sergio,Real Madrid,79.66666666666667,32,88.33333333333333,72.33333333333333,78.33333333333333,59.666666666666664,74.33333333333333,84.66666666666667,78.66666666666667
Ramos Oliveira Melo,Arthur Henrique,FC Barcelona,69.0,22,74.25,61.0,81.75,75.25,69.5,86.75,71.75
Ramírez López,Juan Pedro,Girona FC,41.0,27,79.0,35.0,60.0,27.0,37.0,79.0,63.0
Račić,Uroš,Valencia CF,54.0,20,69.0,55.0,72.5,74.5,62.0,75.5,65.5
Regal Angulo,Antonio Jesús,R. Valladolid CF,89.0,31,72.0,59.0,49.0,47.0,49.0,67.0,80.0
Reguilón Rodríguez,Sergio,Real Madrid,67.0,22,55.0,39.0,25.0,33.0,42.0,54.0,62.0
Remeseiro Salgueiro,David Jason,Levante UD,81.0,24,48.0,69.0,66.0,71.0,68.0,73.0,79.0
Remiro Gargallo,Alejandro,Athletic Club,40.0,23,34.0,17.0,25.0,11.0,24.0,29.0,46.0
Resurrección,Jorge,Atlético Madrid,78.33333333333333,27,71.0,76.66666666666667,90.33333333333333,81.33333333333333,59.0,91.33333333333333,74.66666666666667
Rico Moreno,Mikel,Athletic Club,56.0,34,72.0,63.0,76.0,64.0,60.0,75.0,39.0
Riera Canadell,Roger,Villarreal CF,40.0,23,59.0,28.0,39.0,26.0,43.0,48.0,54.0
Riesgo Unamuno,Asier,SD Eibar,54.0,35,34.0,15.0,33.0,12.0,13.0,32.0,55.0
Rivero Sabater,Cristian,Valencia CF,20.0,20,27.0,14.0,23.0,8.0,18.0,22.0,29.0
Roberto Carnicer,Sergio,FC Barcelona,77.0,26,68.0,60.0,77.0,66.5,57.0,86.5,78.5
Roberts,Patrick,Girona FC,79.0,21,38.0,49.0,65.0,67.0,62.0,73.0,74.0
Robles Blázquez,Joel,Real Betis,46.0,28,23.0,20.0,26.0,11.0,15.0,15.0,50.0
Roca Junqué,Marc,RCD Espanyol,54.0,22,69.0,52.0,74.0,65.0,55.0,80.0,55.0
Rochina Naixes,Rubén,Levante UD,74.0,27,65.0,72.0,69.0,80.0,69.0,74.0,72.0
Rodrigues,Kévin Manuel,Real Sociedad,73.0,24,55.0,51.0,66.0,50.0,50.0,78.0,73.0
Rodrigues Oliveira,Paulo André,SD Eibar,66.0,28,71.0,29.0,49.0,29.0,45.0,75.0,70.0
Rodríguez Benito,José Manuel,Levante UD,70.0,26,80.0,33.0,67.0,56.0,48.0,67.0,68.0
Rodríguez Díaz,Ángel Luís,Getafe CF,75.5,31,63.5,51.0,50.0,81.5,70.5,79.5,75.5
Rodríguez Menéndez,Jonathan,D. Alavés,87.0,27,60.0,76.0,70.0,66.0,59.0,71.0,85.0
Rodríguez Navas,Raúl,Real Sociedad,50.0,30,79.0,65.0,56.0,41.0,46.0,73.0,40.0
Rodríguez Oterino,Yoel,R. Valladolid CF,35.0,30,35.0,15.0,35.0,11.0,25.0,31.0,43.0
Rodríguez Oterino,Yoel,SD Eibar,35.0,30,35.0,15.0,35.0,11.0,25.0,31.0,43.0
Rodríguez Serrano,Genaro,Sevilla FC,67.0,20,67.0,46.0,68.0,44.0,54.0,69.0,67.0
Rolán,Diego,CD Leganés,74.0,25,64.0,70.0,62.0,63.0,75.0,74.0,78.0
Román Triguero,Roberto,Rayo Vallecano,68.0,33,69.0,42.0,67.0,36.0,44.0,70.0,69.0
Roncaglia,Facundo,RC Celta,61.0,31,74.0,52.0,81.0,73.0,35.0,69.0,67.0
Ruiz Ojeda,Jorge,Levante UD,52.0,23,30.0,12.0,20.0,15.0,11.0,12.0,52.0
Ruiz Ortega,Abel,FC Barcelona,69.0,18,32.0,48.0,42.0,67.0,64.0,65.0,70.0
Ruiz Torre,Víctor,Villarreal CF,55.0,29,82.0,46.0,70.0,38.0,46.0,75.0,59.0
Sabater Tous,Damià,RCD Espanyol,70.0,22,70.0,43.0,65.0,59.0,70.0,67.0,61.0
Sadiku,Armando,Levante UD,66.0,27,58.0,31.0,41.0,64.0,63.0,63.0,72.0
Salvador Edú,Ibán,RC Celta,85.0,23,70.0,42.0,53.0,64.0,58.0,64.0,81.0
Samper Montañá,Sergi,FC Barcelona,55.0,23,55.0,46.0,76.0,52.0,52.0,80.0,33.0
San José Domínguez,Mikel,Athletic Club,33.0,29,76.0,44.0,77.0,73.0,51.0,78.0,38.0
Sanabria,Antonio,Real Betis,77.0,22,32.0,64.0,63.0,65.0,69.0,74.0,79.0
Sansone,Nicola,Villarreal CF,82.0,27,68.0,69.0,65.0,75.0,66.0,75.0,81.0
Santamaría Ciprián,Roberto,SD Huesca,48.0,33,36.0,20.0,11.0,12.0,16.0,17.0,46.0
Santos,Michael,CD Leganés,77.0,25,80.0,62.0,57.0,69.0,70.0,65.0,75.0
Sarabia García,Pablo,Sevilla FC,73.33333333333333,26,32.666666666666664,74.33333333333333,77.33333333333333,77.0,63.0,85.0,76.0
Sastre Reus,Lluís,SD Huesca,58.0,32,75.0,72.0,76.0,64.0,57.0,75.0,57.0
Saveljich,Esteban,Levante UD,42.0,27,72.0,35.0,50.0,27.0,43.0,56.0,59.0
Saveljich,Esteban,UD Almería,42.0,27,72.0,35.0,50.0,27.0,43.0,56.0,59.0
Savić,Stefan,Atlético Madrid,55.0,28,83.5,28.0,69.5,31.0,37.5,72.5,61.5
Serantes Simón,Jon Ander,CD Leganés,55.0,29,27.0,13.0,39.0,14.0,18.0,21.0,65.0
Shibasaki,Gaku,Getafe CF,69.0,26,65.0,67.0,79.0,66.0,71.0,81.0,67.0
Silva,Jonathan,CD Leganés,83.0,24,82.0,70.0,63.0,69.0,55.0,70.0,75.0
Silva Coentrão,Fábio Alexandre,Real Madrid,77.5,30,81.5,51.0,69.0,64.5,54.0,77.5,74.0
Silva Coentrão,Fábio Alexandre,Rio Ave FC,77.0,30,81.0,51.0,69.0,64.0,54.0,77.0,74.0
Silva de Carvalho,William,Real Betis,49.0,26,75.0,50.0,86.0,55.0,60.0,84.0,53.0
Silva de Oliveira,Malcom Filipe,FC Barcelona,87.33333333333333,21,53.0,81.33333333333333,73.0,85.33333333333333,68.0,83.33333333333333,82.0
Simon,Moses,Levante UD,93.0,23,38.0,55.0,54.0,68.0,60.0,69.0,92.0
Simón Mendibil,Unai,Athletic Club,46.0,21,27.0,14.0,21.0,13.0,24.0,29.0,48.0
Siovas,Dimitrios,CD Leganés,40.0,30,80.0,28.0,70.0,37.0,40.0,70.0,37.0
Sisniega,Pablo,Real Sociedad,41.0,23,24.0,21.0,46.0,18.0,23.0,33.0,48.0
Sisto,Pione,RC Celta,81.0,23,52.0,75.0,65.0,72.0,66.0,70.0,81.0
Sivera Salvá,Antonio,D. Alavés,59.0,22,25.0,12.0,34.0,12.0,24.0,32.0,55.0
Sobrino Pozuelo,Rubén,D. Alavés,79.0,26,65.0,57.0,47.0,74.0,66.0,73.0,85.0
Soler Barragán,Carlos,Valencia CF,75.0,22,49.0,82.5,79.0,73.0,80.5,84.5,77.5
Soni,Kévin,Girona FC,75.0,20,54.0,48.0,50.0,47.0,53.0,63.0,72.0
Soriano Llido,Bruno,Villarreal CF,36.0,34,76.0,77.0,84.0,77.0,75.0,85.0,36.0
Soriano Oropesa,Juan,Sevilla FC,34.0,21,25.0,24.0,24.0,16.0,28.0,23.0,34.0
Stuani,Cristhian,Girona FC,71.0,32,79.4,59.8,68.2,78.2,84.0,78.0,67.2
Susaeta Laskurain,Markel,Athletic Club,80.0,31,68.0,82.0,81.0,75.0,58.0,82.0,71.0
Suárez,Damián,Getafe CF,77.0,30,80.0,70.0,66.0,70.0,67.0,76.0,80.0
Suárez,Leonardo,R. Valladolid CF,72.0,22,36.0,70.0,70.0,70.0,62.0,74.0,65.0
Suárez,Luis,FC Barcelona,87.42857142857143,31,88.57142857142857,86.42857142857143,65.57142857142857,85.42857142857143,85.42857142857143,84.42857142857143,75.57142857142857
Suárez Fernández,Denis,FC Barcelona,77.0,25,47.0,70.0,78.0,73.5,63.0,82.5,77.0
Suárez García,José Aurelio,Girona FC,48.0,23,20.0,14.0,26.0,20.0,29.0,23.0,46.0
Suárez Pier,Roberto,Levante UD,63.0,23,64.0,42.0,68.0,39.0,39.0,71.0,58.0
Szymanowski,Alexander,CD Leganés,91.0,30,55.0,57.0,63.0,68.0,70.0,74.0,84.0
Sánchez Benítez,Luis Miguel,R. Valladolid CF,61.0,26,81.0,30.0,66.0,34.0,38.0,68.0,58.0
Sánchez Gil,Pedro León,SD Eibar,63.0,32,55.0,86.0,85.0,79.0,71.0,83.0,63.0
Sánchez Mata,Victor,RCD Espanyol,58.0,31,86.0,69.0,78.0,67.0,61.0,85.0,61.0
Sánchez Ortega,Sergio,Cádiz CF,65.0,32,76.0,30.0,60.0,41.0,47.0,63.0,63.0
Sánchez Ortega,Sergio,RCD Espanyol,65.0,32,76.0,30.0,60.0,41.0,47.0,63.0,63.0
Sánchez Rodríguez,Joaquín,Real Betis,76.0,37,53.0,77.0,83.0,76.0,75.0,82.0,70.0
Sánchez Ruiz,Jozabed,RC Celta,67.0,27,58.0,57.0,72.0,77.0,54.0,78.0,61.0
Tarín Higón,Rodrigo,CD Leganés,69.0,22,68.0,30.0,52.0,41.0,40.0,59.0,71.0
Tello Herrera,Cristian,Real Betis,93.0,27,48.0,64.0,70.0,71.0,56.0,77.0,91.0
Timor Copoví,David,Girona FC,39.0,29,80.0,81.0,77.0,80.0,69.0,81.0,52.0
Timor Copoví,David,UD Las Palmas,39.0,29,80.0,81.0,77.0,80.0,69.0,81.0,52.0
Toko-Ekambi,Karl,Villarreal CF,86.0,26,43.0,63.0,58.0,72.0,69.0,69.0,83.0
Torres Belén,Juan Francisco,Atlético Madrid,75.8,34,81.2,61.2,68.4,54.4,68.2,80.2,88.6
Torres García,Ferrán,Valencia CF,77.0,18,34.0,46.0,72.0,55.0,62.0,69.0,76.0
Trejo,Óscar,Rayo Vallecano,67.0,30,70.0,69.0,70.0,68.0,70.0,75.0,73.0
Trigueros Muñoz,Manuel,Villarreal CF,71.0,27,71.0,69.0,82.0,80.0,65.0,86.0,69.0
Umtiti,Samuel,FC Barcelona,71.0,25,81.0,62.0,73.5,74.5,61.0,81.5,73.5
Vaclík,Tomáš,Sevilla FC,34.0,29,29.0,16.0,38.0,16.0,13.0,17.0,35.0
Valdés Díaz,José Ángel,SD Eibar,69.0,29,69.0,67.0,61.0,57.0,45.0,77.0,74.0
Valente da Silva,André Miguel,Sevilla FC,76.5,23,78.0,34.0,59.5,62.5,83.5,69.0,85.0
Vallejo Lázaro,Jesús,Real Madrid,67.0,22,74.0,31.0,75.0,31.0,45.0,76.0,74.0
Valverde,Federico,Real Madrid,66.0,20,52.0,48.0,79.0,78.0,42.0,78.0,68.0
Varane,Raphaël,Real Madrid,84.66666666666667,25,80.66666666666667,60.0,84.0,63.0,50.666666666666664,83.33333333333333,87.33333333333333
Velázquez,Emiliano,Rayo Vallecano,63.0,24,69.0,26.0,71.0,41.0,37.0,67.0,46.0
Venancio Casimiro,Carlos Henrique,Real Madrid,59.0,26,87.0,74.0,82.5,79.5,66.0,85.5,65.5
Verde,Daniele,R. Valladolid CF,89.0,22,58.0,43.0,60.0,62.0,59.0,68.0,89.0
Vermaelen,Thomas,FC Barcelona,67.33333333333333,33,77.33333333333333,64.0,78.33333333333333,68.33333333333333,62.333333333333336,80.33333333333333,64.0
Vesga Arruti,Mikel,CD Leganés,49.0,25,67.0,28.0,75.0,61.0,57.0,74.0,52.0
Vidal,Arturo,FC Barcelona,60.5,31,93.5,68.0,78.0,85.5,81.5,83.5,55.0
Vidal Parreu,Aleix,Sevilla FC,89.0,29,80.0,46.0,64.0,59.0,51.0,78.0,93.0
Vieira da Silva,Marcelo,Real Madrid,86.0,30,87.33333333333333,69.66666666666667,79.33333333333333,73.0,61.666666666666664,88.0,85.0
Villa Suárez,Antonio,R. Valladolid CF,71.0,24,46.0,51.0,71.0,67.0,60.0,73.0,67.0
Villalibre Molina,Asier,Athletic Club,72.0,21,62.0,36.0,45.0,57.0,70.0,55.0,73.0
Villar Martínez,Iván,RC Celta,32.0,21,18.0,15.0,22.0,15.0,23.0,23.0,33.0
Vilà Roselló,Dídac,RCD Espanyol,69.0,29,78.0,37.0,66.0,57.0,34.0,64.0,73.0
Vito Brezmes,Marc,Girona FC,25.0,22,20.0,11.0,18.0,6.0,18.0,23.0,28.0
Vukčević,Nikola,Levante UD,64.0,27,85.0,64.0,70.0,61.0,53.0,79.0,56.0
Vázquez,Franco,Sevilla FC,58.0,29,78.0,68.0,78.0,84.0,67.0,84.0,62.0
Vázquez Iglesias,Lucas,Real Madrid,84.5,27,65.0,75.0,75.0,80.5,56.0,83.5,79.0
Wagué,Moussa,FC Barcelona,85.0,20,68.0,31.0,56.0,32.0,39.0,62.0,81.0
Wakaso,Mubarak,D. Alavés,87.0,28,81.0,57.0,70.0,68.0,36.0,75.0,87.0
Wass,Daniel,Valencia CF,74.0,29,62.0,85.0,79.0,77.0,64.0,84.0,76.0
Werner,Axel,SD Huesca,41.0,22,24.0,15.0,19.0,18.0,23.0,25.0,46.0
Williams Arthuer,Iñaki,Athletic Club,92.0,24,68.0,55.0,69.0,83.0,68.0,83.0,95.0
Yokuşlu,Okay,RC Celta,72.0,24,81.0,65.0,72.0,75.0,60.0,77.0,74.0
Yáñez Alabart,Rubén,Getafe CF,44.0,25,20.0,15.0,22.0,17.0,25.0,27.0,43.0
Zaldúa Bengoetxea,Joseba,Real Sociedad,69.0,26,78.0,41.0,55.0,40.0,32.0,78.0,69.0
Zidane,Luca,Real Madrid,33.0,20,16.0,11.0,15.0,5.0,19.0,22.0,32.0
Zubeldia Elorza,Igor,Real Sociedad,65.0,21,70.0,65.0,76.0,68.0,51.0,77.0,58.0
Zurutuza,David,Real Sociedad,66.0,32,72.0,59.0,74.0,75.0,61.0,79.0,64.0
da Silva,Willian José,Real Sociedad,63.333333333333336,27,65.66666666666667,73.0,51.333333333333336,77.66666666666667,80.66666666666667,80.0,67.0
da Silva Costa,Diego,Atlético Madrid,79.0,30,93.33333333333333,59.0,52.0,76.0,77.0,65.33333333333333,81.66666666666667
da Silva Júnior,Sidnei Rechel,Real Betis,67.75,29,78.75,41.75,73.25,54.0,63.0,75.5,60.0
de Oliveira Júnior,Vinícius José,Real Madrid,92.0,18,48.0,58.0,48.0,68.0,65.0,70.5,94.5
de Tomás Gómez,Raúl,Rayo Vallecano,69.33333333333333,24,56.666666666666664,77.66666666666667,44.666666666666664,80.66666666666667,77.66666666666667,72.66666666666667,77.0
ter Stegen,Marc-André,FC Barcelona,38.5,26,43.0,12.0,38.0,10.0,25.0,30.0,50.5
Álamo Bautista,Sergi,Girona FC,54.0,21,58.0,42.0,42.0,29.0,43.0,53.0,60.0
Álvarez Conde,Sergio,RC Celta,44.0,32,34.0,11.0,39.0,11.0,23.0,37.0,43.0
Álvarez Díaz,Sergio,SD Eibar,70.0,26,76.0,52.0,75.0,73.0,41.0,73.0,69.0
Álvarez López,Yeray,Athletic Club,66.0,23,80.0,50.0,71.0,43.0,61.0,70.0,67.0
Ávila,Ezequiel,SD Huesca,77.0,24,70.0,44.0,58.0,67.0,51.0,68.0,79.0
Ñíguez Esclápez,Saúl,Atlético Madrid,71.5,24,69.0,60.0,83.5,79.5,55.0,85.5,70.5
Čop,Duje,R. Valladolid CF,66.0,28,59.0,75.0,57.0,74.0,78.0,69.0,50.0
