,FirstName,LastName,Country,Club,Position,Age,Acceleration,Aggression,Finishing,FreeKickAccuracy,LongPassing,LongShots,Penalties,ShortPassing,SprintSpeed,Quality
0,Luka,Modrić,Croatia,Real Madrid,Centre Midfielder,33,94,83,89,85,96,99,99,99,85,gold
1,Lionel,Messi,Argentina,FC Barcelona,Centre Forward,31,99,66,99,99,96,99,81,99,94,gold
2,Sergio,Ramos García,Spain,Real Madrid,Centre Back,32,86,96,76,83,90,69,86,97,85,gold
3,Raphaël,Varane,France,Real Madrid,Centre Back,25,88,88,62,72,99,82,66,99,91,gold
4,Lionel,Messi,Argentina,FC Barcelona,Striker,31,93,51,97,98,90,96,76,94,87,gold
5,Lionel,Messi,Argentina,FC Barcelona,Striker,31,93,51,97,98,90,96,76,94,87,gold
6,Lionel,Messi,Argentina,FC Barcelona,Centre Forward,31,92,48,96,95,87,95,75,91,86,gold
7,Lionel,Messi,Argentina,FC Barcelona,Right Wing,31,92,50,96,96,88,95,75,92,86,gold
8,Lionel,Messi,Argentina,FC Barcelona,Centre Forward,31,91,48,95,94,87,94,75,90,86,gold
9,Marcelo,Vieira da Silva,Brazil,Real Madrid,Left Back,30,91,93,76,75,86,79,67,95,90,gold
10,Luis,Suárez,Uruguay,FC Barcelona,Striker,31,89,89,96,88,67,86,86,86,77,gold
11,Luis,Suárez,Uruguay,FC Barcelona,Striker,31,88,90,96,88,67,86,86,86,76,gold
12,Luis,Suárez,Uruguay,FC Barcelona,Striker,31,88,90,96,88,67,86,86,86,76,gold
13,Sergio,Ramos García,Spain,Real Madrid,Centre Back,32,77,85,60,67,73,55,69,79,76,gold
14,Luis,Suárez,Uruguay,FC Barcelona,Striker,31,87,88,95,85,64,85,85,83,75,gold
15,Luka,Modrić,Croatia,Real Madrid,Centre Midfielder,33,81,62,72,78,88,83,83,94,72,gold
16,Luis,Suárez,Uruguay,FC Barcelona,Striker,31,87,88,95,86,65,85,85,84,75,gold
17,Gareth,Bale,Wales,Real Madrid,Right Wing,29,95,70,90,92,84,96,80,90,97,gold
18,Luis,Suárez,Uruguay,FC Barcelona,Striker,31,87,88,95,86,65,85,85,84,75,gold
19,Sergio,Ramos García,Spain,Real Madrid,Centre Back,32,76,84,60,67,72,55,68,78,75,gold
20,Luis,Suárez,Uruguay,FC Barcelona,Striker,31,86,87,94,84,64,85,85,82,75,gold
21,Luka,Modrić,Croatia,Real Madrid,Centre Midfielder,33,80,62,72,78,88,82,82,93,72,gold
22,Diego,Godín,Uruguay,Atlético Madrid,Centre Back,32,69,89,42,51,71,43,51,80,69,gold
23,Toni,Kroos,Germany,Real Madrid,Centre Midfielder,29,69,60,76,84,94,93,73,93,66,gold
24,Thibaut,Courtois,Belgium,Real Madrid,Goalkeeper,26,47,23,14,20,35,17,27,33,53,gold
25,Jan,Oblak,Slovenia,Atlético Madrid,Goalkeeper,26,44,34,11,14,26,12,11,29,61,gold
26,Diego,Godín,Uruguay,Atlético Madrid,Centre Back,32,70,89,43,52,72,44,52,81,70,gold
27,Toni,Kroos,Germany,Real Madrid,Centre Midfielder,29,71,60,77,84,94,94,74,93,68,gold
28,Diego,Godín,Uruguay,Atlético Madrid,Centre Back,32,70,89,43,52,72,44,52,81,70,gold
29,Antoine,Griezmann,France,Atlético Madrid,Striker,27,90,71,95,79,79,84,76,86,86,gold
30,Francisco Román,Alarcón Suárez,Spain,Real Madrid,Centre Attacking Midfielder,26,78,60,87,75,85,91,77,91,71,gold
31,Antoine,Griezmann,France,Atlético Madrid,Striker,27,92,72,95,78,78,84,76,85,88,gold
32,Antoine,Griezmann,France,Atlético Madrid,Striker,27,92,72,95,78,78,84,76,85,88,gold
33,Diego,Godín,Uruguay,Atlético Madrid,Centre Back,32,68,88,42,51,70,43,50,79,68,gold
34,Toni,Kroos,Germany,Real Madrid,Centre Midfielder,29,68,60,76,84,93,92,73,92,66,gold
35,Thibaut,Courtois,Belgium,Real Madrid,Goalkeeper,26,46,23,14,20,35,17,27,33,52,gold
36,Jan,Oblak,Slovenia,Atlético Madrid,Goalkeeper,26,43,34,11,14,26,12,11,29,60,gold
37,Marc-André,ter Stegen,Germany,FC Barcelona,Goalkeeper,26,39,43,14,12,38,10,25,30,51,gold
38,Antoine,Griezmann,France,Atlético Madrid,Striker,27,89,69,93,76,76,82,74,83,85,gold
39,Francisco Román,Alarcón Suárez,Spain,Real Madrid,Centre Attacking Midfielder,26,76,58,86,74,84,90,76,90,69,gold
40,Philippe,Coutinho Correia,Brazil,FC Barcelona,Left Wing,26,91,57,78,88,82,95,71,90,76,gold
41,Antoine,Griezmann,France,Atlético Madrid,Striker,27,90,71,93,76,76,82,74,83,86,gold
42,Marc-André,ter Stegen,Germany,FC Barcelona,Goalkeeper,26,38,43,14,12,38,10,25,30,50,gold
43,Antoine,Griezmann,France,Atlético Madrid,Striker,27,88,69,92,76,76,82,74,82,85,gold
44,Francisco Román,Alarcón Suárez,Spain,Real Madrid,Centre Attacking Midfielder,26,75,58,85,74,84,89,76,89,69,gold
45,Gareth,Bale,Wales,Real Madrid,Right Wing,29,94,65,86,88,80,92,76,86,96,gold
46,Marcelo,Vieira da Silva,Brazil,Real Madrid,Left Back,30,84,85,67,67,76,70,59,85,83,gold
47,Philippe,Coutinho Correia,Brazil,FC Barcelona,Left Wing,26,90,55,77,87,81,94,70,89,75,gold
48,Sergio,Busquets Burgos,Spain,FC Barcelona,Centre Defensive Midfielder,30,42,86,68,68,80,54,60,89,45,gold
49,Carlos Henrique,Venancio Casimiro,Brazil,Real Madrid,Centre Defensive Midfielder,26,59,87,59,74,83,80,66,86,66,gold
50,Gerard,Piqué Bernabeu,Spain,FC Barcelona,Centre Back,31,53,75,66,44,82,52,71,83,65,gold
51,Gareth,Bale,Wales,Real Madrid,Right Wing,29,94,66,86,89,81,92,76,87,96,gold
52,Sergio,Busquets Burgos,Spain,FC Barcelona,Centre Defensive Midfielder,30,87,85,98,68,79,79,88,88,92,gold
53,Antoine,Griezmann,France,Atlético Madrid,Striker,27,88,69,92,76,76,82,74,82,85,gold
54,Gareth,Bale,Wales,Real Madrid,Right Wing,29,94,65,86,87,80,91,76,85,95,gold
55,Marcelo,Vieira da Silva,Brazil,Real Madrid,Left Back,30,83,84,67,67,76,70,59,84,82,gold
56,Philippe,Coutinho Correia,Brazil,FC Barcelona,Left Wing,26,89,55,77,86,81,93,70,88,75,gold
57,Sergio,Busquets Burgos,Spain,FC Barcelona,Centre Defensive Midfielder,30,42,85,67,68,79,54,60,88,44,gold
58,Carlos Henrique,Venancio Casimiro,Brazil,Real Madrid,Centre Defensive Midfielder,26,59,87,59,74,82,79,66,85,65,gold
59,Gerard,Piqué Bernabeu,Spain,FC Barcelona,Centre Back,31,49,72,65,43,81,51,70,82,61,gold
60,Ivan,Rakitić,Croatia,FC Barcelona,Centre Midfielder,30,67,67,83,84,91,91,82,88,59,gold
61,Jordi,Alba Ramos,Spain,FC Barcelona,Left Back,29,94,76,74,63,74,66,59,85,94,gold
62,Keylor,Navas,Costa Rica,Real Madrid,Goalkeeper,32,55,32,15,15,37,13,25,30,53,gold
63,Samuel,Umtiti,France,FC Barcelona,Centre Back,25,71,81,51,62,74,75,61,82,74,gold
64,Ivan,Rakitić,Croatia,FC Barcelona,Centre Midfielder,30,69,67,83,84,91,91,82,88,61,gold
65,Jordi,Alba Ramos,Spain,FC Barcelona,Left Back,29,94,77,74,64,75,66,59,86,94,gold
66,Gerard,Piqué Bernabeu,Spain,FC Barcelona,Centre Back,31,50,73,66,43,81,52,71,82,62,gold
67,Gerard,Piqué Bernabeu,Spain,FC Barcelona,Centre Back,31,50,73,66,43,81,52,71,82,62,gold
68,Daniel,Parejo Muñoz,Spain,Valencia CF,Centre Midfielder,29,54,65,82,92,88,86,87,92,45,gold
69,Gerard,Piqué Bernabeu,Spain,FC Barcelona,Centre Back,31,49,72,64,43,80,51,69,81,60,gold
70,Ivan,Rakitić,Croatia,FC Barcelona,Centre Midfielder,30,66,67,83,84,90,90,82,87,59,gold
71,Jordi,Alba Ramos,Spain,FC Barcelona,Left Back,29,93,75,73,63,74,66,59,84,93,gold
72,Keylor,Navas,Costa Rica,Real Madrid,Goalkeeper,32,54,32,15,15,37,13,25,30,53,gold
73,Samuel,Umtiti,France,FC Barcelona,Centre Back,25,71,81,51,62,73,74,61,81,73,gold
74,Daniel,Parejo Muñoz,Spain,Valencia CF,Centre Midfielder,29,52,63,79,91,87,83,84,91,43,gold
75,Raphaël,Varane,France,Real Madrid,Centre Back,25,83,77,40,54,77,54,43,76,86,gold
76,Juan Francisco,Torres Belén,Spain,Atlético Madrid,Right Back,34,79,85,59,66,74,58,72,86,92,gold
77,Filipe Luís,Kasmirski,Brazil,Atlético Madrid,Left Back,33,78,83,60,77,79,61,67,83,77,gold
78,Karim,Benzema,France,Real Madrid,Striker,31,79,69,82,76,57,79,87,86,79,gold
79,Daniel,Parejo Muñoz,Spain,Valencia CF,Centre Midfielder,29,52,63,80,91,87,84,85,91,43,gold
80,Daniel,Parejo Muñoz,Spain,Valencia CF,Centre Midfielder,29,52,63,80,91,87,84,85,91,43,gold
81,Iago,Aspas Juncal,Spain,RC Celta,Striker,31,87,65,93,79,67,84,84,85,79,gold
82,Iago,Aspas Juncal,Spain,RC Celta,Striker,31,87,65,93,79,67,84,84,85,79,gold
83,Sergio,Asenjo Andrés,Spain,Villarreal CF,Goalkeeper,29,63,20,14,22,39,13,15,39,57,gold
84,Sergio,Asenjo Andrés,Spain,Villarreal CF,Goalkeeper,29,63,20,14,22,39,13,15,39,57,gold
85,Daniel,Parejo Muñoz,Spain,Valencia CF,Centre Midfielder,29,51,63,79,90,87,82,83,90,43,gold
86,Raphaël,Varane,France,Real Madrid,Centre Back,25,83,77,40,54,76,53,43,75,85,gold
87,Filipe Luís,Kasmirski,Brazil,Atlético Madrid,Left Back,33,77,82,59,75,77,60,66,81,76,gold
88,Sergio,Asenjo Andrés,Spain,Villarreal CF,Goalkeeper,29,62,20,14,22,39,13,15,39,56,gold
89,Diego,da Silva Costa,Spain,Atlético Madrid,Striker,30,74,94,88,59,52,74,75,66,77,gold
90,Arturo,Vidal,Chile,FC Barcelona,Centre Defensive Midfielder,31,61,94,75,68,78,86,82,84,55,gold
91,Iago,Aspas Juncal,Spain,RC Celta,Striker,31,86,63,92,77,65,83,83,83,78,gold
92,Jorge,Resurrección,Spain,Atlético Madrid,Left Midfielder,27,72,71,72,76,90,82,59,91,68,gold
93,Gerard,Moreno Balagueró,Spain,Villarreal CF,Striker,26,79,58,87,59,59,80,76,82,83,gold
94,Saúl,Ñíguez Esclápez,Spain,Atlético Madrid,Centre Midfielder,24,72,69,79,60,84,80,55,86,71,gold
95,Marco,Asensio Willemsen,Spain,Real Madrid,Left Wing,22,84,45,85,76,82,89,62,86,80,gold
96,Kévin,Gameiro,France,Valencia CF,Striker,31,91,70,85,73,75,78,89,83,90,gold
97,Diego,da Silva Costa,Spain,Atlético Madrid,Striker,30,89,93,94,59,52,80,81,65,92,gold
98,Iago,Aspas Juncal,Spain,RC Celta,Striker,31,86,63,92,77,65,83,83,83,78,gold
99,Norberto,Murara Neto,Brazil,Valencia CF,Goalkeeper,29,55,40,15,13,41,20,22,36,50,gold
100,Rodrigo,Moreno Machado,Spain,Valencia CF,Striker,27,89,61,85,68,59,81,79,80,94,gold
101,Wissam,Ben Yedder,France,Sevilla FC,Striker,28,92,60,90,82,71,75,76,81,87,gold
102,José Ignacio,Fernández Iglesias,Spain,Real Madrid,Centre Back,29,72,80,35,39,65,31,49,86,81,gold
103,Geoffrey,Kondogbia,France,Valencia CF,Centre Midfielder,25,72,88,71,59,85,83,46,88,80,gold
104,Jorge,Resurrección,Spain,Atlético Madrid,Left Midfielder,27,92,71,72,78,92,81,59,93,88,gold
105,Daniel,Carvajal Ramos,Spain,Real Madrid,Right Back,27,80,83,44,49,74,39,48,85,86,gold
106,Daniel,Carvajal Ramos,Spain,Real Madrid,Right Back,27,80,83,44,49,74,39,48,85,86,gold
107,Sergio,Asenjo Andrés,Spain,Villarreal CF,Goalkeeper,29,62,20,14,22,39,13,15,39,56,gold
108,Filipe Luís,Kasmirski,Brazil,Atlético Madrid,Left Back,33,76,81,59,75,77,60,65,80,75,gold
109,Diego,da Silva Costa,Spain,Atlético Madrid,Striker,30,74,93,87,59,52,74,75,65,76,gold
110,Arturo,Vidal,Chile,FC Barcelona,Centre Defensive Midfielder,31,60,93,75,68,78,85,81,83,55,gold
111,Iago,Aspas Juncal,Spain,RC Celta,Right Wing,31,85,63,90,76,64,82,82,81,78,gold
112,Jorge,Resurrección,Spain,Atlético Madrid,Left Midfielder,27,71,71,72,76,89,81,59,90,68,gold
113,Saúl,Ñíguez Esclápez,Spain,Atlético Madrid,Centre Midfielder,24,71,69,78,60,83,79,55,85,70,gold
114,Marco,Asensio Willemsen,Spain,Real Madrid,Left Wing,22,83,45,84,76,82,88,62,85,80,gold
115,Karim,Benzema,France,Real Madrid,Striker,31,77,65,78,73,55,75,83,83,77,gold
116,Norberto,Murara Neto,Brazil,Valencia CF,Goalkeeper,29,54,40,15,13,41,20,22,36,49,gold
117,Willian José,da Silva,Brazil,Real Sociedad,Striker,27,64,66,88,74,52,78,81,81,68,gold
118,Rodrigo,Moreno Machado,Spain,Valencia CF,Striker,27,88,60,83,67,58,79,77,79,93,gold
119,Sergio,Roberto Carnicer,Spain,FC Barcelona,Right Back,26,77,68,64,60,77,67,57,87,79,gold
120,Daniel,Carvajal Ramos,Spain,Real Madrid,Right Back,27,79,82,41,47,71,36,46,82,85,gold
121,José María,Giménez,Uruguay,Atlético Madrid,Centre Back,23,66,90,37,44,59,49,38,69,71,gold
122,Willian José,da Silva,Brazil,Real Sociedad,Striker,27,64,66,88,74,52,78,81,81,68,gold
123,Santiago,Cazorla González,Spain,Villarreal CF,Centre Midfielder,34,74,85,80,81,87,86,90,89,65,gold
124,Cristhian,Stuani,Uruguay,Girona FC,Striker,32,73,81,86,62,71,80,86,81,69,gold
125,Santiago,Cazorla González,Spain,Villarreal CF,Left Midfielder,34,63,73,80,80,86,86,90,88,56,gold
126,Cristhian,Stuani,Uruguay,Girona FC,Striker,32,73,81,86,62,71,80,86,81,69,gold
127,Santiago,Cazorla González,Spain,Villarreal CF,Left Midfielder,34,63,73,80,80,86,86,90,88,56,gold
128,Karim,Benzema,France,Real Madrid,Striker,31,76,65,78,73,55,75,82,82,76,gold
129,Sergio,Asenjo Andrés,Spain,Villarreal CF,Goalkeeper,29,59,20,14,22,39,13,15,39,54,gold
130,Asier,Illarramendi,Spain,Real Sociedad,Centre Midfielder,28,66,76,72,68,82,76,50,86,57,gold
131,Norberto,Murara Neto,Brazil,Valencia CF,Goalkeeper,29,53,40,15,13,41,20,22,36,49,gold
132,Rodrigo,Moreno Machado,Spain,Valencia CF,Striker,27,88,60,82,67,58,79,77,78,92,gold
133,Sergio,Roberto Carnicer,Spain,FC Barcelona,Right Back,26,77,68,63,60,77,66,57,86,78,gold
134,Daniel,Carvajal Ramos,Spain,Real Madrid,Right Back,27,79,81,41,47,71,36,45,81,84,gold
135,William,Silva de Carvalho,Portugal,Real Betis,Centre Defensive Midfielder,26,49,75,52,50,86,55,60,84,53,gold
136,José María,Giménez,Uruguay,Atlético Madrid,Centre Back,23,66,89,37,44,58,48,38,68,70,gold
137,Antonio,Adán Garrido,Spain,Atlético Madrid,Goalkeeper,31,57,41,11,12,43,12,25,34,54,gold
138,Pablo,Sarabia García,Spain,Sevilla FC,Centre Midfielder,26,74,33,81,75,78,78,64,86,77,gold
139,Wissam,Ben Yedder,France,Sevilla FC,Striker,28,90,58,88,81,70,73,74,80,85,gold
140,José Ignacio,Fernández Iglesias,Spain,Real Madrid,Centre Back,29,70,78,32,37,61,28,46,81,79,gold
141,Stefan,Savić,Montenegro,Atlético Madrid,Centre Back,28,55,84,34,28,70,31,38,73,62,gold
142,Adnan,Januzaj,Belgium,Real Sociedad,Right Wing,23,85,45,78,69,78,76,65,84,81,gold
143,Lucas,Vázquez Iglesias,Spain,Real Madrid,Right Wing,27,85,65,73,75,75,81,56,84,79,gold
144,Iñaki,Williams Arthuer,Spain,Athletic Club,Striker,24,92,68,81,55,69,83,68,83,95,gold
145,Pablo,Fornals Malla,Spain,Villarreal CF,Right Midfielder,22,72,71,84,63,84,87,50,88,71,gold
146,Daniel,Wass,Denmark,Valencia CF,Centre Midfielder,29,74,62,74,85,79,77,64,84,76,gold
147,Sidnei Rechel,da Silva Júnior,Brazil,Real Betis,Centre Back,29,70,80,52,43,76,56,66,78,62,gold
148,Pablo,Sarabia García,Spain,Sevilla FC,Centre Midfielder,26,74,33,81,75,78,78,64,86,77,gold
149,Michy,Batshuayi,Belgium,Valencia CF,Striker,25,80,65,88,49,38,78,69,68,79,gold
150,Thomas,Partey,Ghana,Atlético Madrid,Centre Midfielder,25,74,77,67,61,83,80,49,89,78,gold
151,Thomas,Lemar,France,Atlético Madrid,Left Midfielder,23,87,63,75,81,75,77,68,85,84,gold
152,Iñaki,Williams Arthuer,Spain,Athletic Club,Striker,24,92,68,81,55,69,83,68,83,95,gold
153,Lucas,Hernández,France,Atlético Madrid,Centre Back,22,81,84,44,29,66,50,36,84,86,gold
154,Malcom Filipe,Silva de Oliveira,Brazil,FC Barcelona,Right Wing,21,88,53,75,82,73,86,68,84,82,gold
155,Arthur Henrique,Ramos Oliveira Melo,Brazil,FC Barcelona,Centre Midfielder,22,70,75,73,62,83,76,70,88,73,gold
156,Sidnei Rechel,da Silva Júnior,Brazil,Real Betis,Centre Back,29,70,80,52,43,76,56,66,78,62,gold
157,Michy,Batshuayi,Belgium,Valencia CF,Striker,25,80,65,88,49,38,78,69,68,79,gold
158,Thomas,Partey,Ghana,Atlético Madrid,Centre Midfielder,25,74,77,67,61,83,80,49,89,78,gold
159,Arthur Henrique,Ramos Oliveira Melo,Brazil,FC Barcelona,Centre Midfielder,22,70,75,73,62,83,76,70,88,73,gold
160,Ousmane,Dembélé,France,FC Barcelona,Left Wing,21,93,56,80,67,73,69,78,80,89,gold
161,Ousmane,Dembélé,France,FC Barcelona,Left Wing,21,93,56,80,67,73,69,78,80,89,gold
162,Aritz,Aduriz Zubeldia,Spain,Athletic Club,Striker,37,66,82,84,54,52,78,82,72,67,gold
163,Antonio,Adán Garrido,Spain,Atlético Madrid,Goalkeeper,31,56,41,11,12,43,12,25,34,54,gold
164,Éver,Banega,Argentina,Sevilla FC,Centre Attacking Midfielder,30,68,73,66,81,87,77,67,88,64,gold
165,Willian José,da Silva,Brazil,Real Sociedad,Striker,27,62,65,86,71,50,77,80,78,65,gold
166,José Ignacio,Fernández Iglesias,Spain,Real Madrid,Centre Back,29,70,78,32,37,61,28,45,80,78,gold
167,Stefan,Savić,Montenegro,Atlético Madrid,Centre Back,28,55,83,34,28,69,31,37,72,61,gold
168,Manuel,Trigueros Muñoz,Spain,Villarreal CF,Centre Midfielder,27,71,71,71,69,82,80,65,86,69,gold
169,Gerard,Moreno Balagueró,Spain,Villarreal CF,Striker,26,77,55,83,56,56,77,73,78,80,gold
170,Lucas,Vázquez Iglesias,Spain,Real Madrid,Right Wing,27,84,65,73,75,75,80,56,83,79,gold
171,Thomas,Lemar,France,Atlético Madrid,Left Midfielder,23,86,63,75,81,75,76,68,84,84,gold
172,Malcom Filipe,Silva de Oliveira,Brazil,FC Barcelona,Right Wing,21,87,53,75,81,73,85,68,83,82,gold
173,Santiago,Cazorla González,Spain,Villarreal CF,Centre Midfielder,34,60,69,76,79,85,82,86,87,53,gold
174,Ezequiel,Garay,Argentina,Valencia CF,Centre Back,32,34,77,58,74,72,64,69,69,36,gold
175,Daniel,Wass,Denmark,Valencia CF,Centre Midfielder,29,74,62,74,85,79,77,64,84,76,gold
176,Ángel Luís,Rodríguez Díaz,Spain,Getafe CF,Striker,31,77,65,87,52,51,83,72,81,77,gold
177,Cristhian,Stuani,Uruguay,Girona FC,Striker,32,71,79,84,59,67,78,84,77,67,gold
178,Gabriel,Armando de Abreu,Brazil,Valencia CF,Centre Back,28,71,83,42,46,70,51,52,75,75,gold
179,Rafael,Alcântara,Brazil,FC Barcelona,Centre Attacking Midfielder,25,72,44,73,61,76,83,67,87,71,gold
180,Geoffrey,Kondogbia,France,Valencia CF,Centre Midfielder,25,69,86,69,56,81,81,45,84,77,gold
181,Thomas,Partey,Ghana,Atlético Madrid,Centre Defensive Midfielder,25,73,76,63,58,80,76,46,86,77,gold
182,Thomas,Lemar,France,Atlético Madrid,Left Midfielder,23,86,63,75,81,75,76,68,84,84,gold
183,Clément,Lenglet,France,FC Barcelona,Centre Back,23,72,81,23,27,70,36,44,79,74,gold
184,Lucas,Hernández,France,Atlético Madrid,Left Back,22,80,83,42,28,63,47,34,81,85,gold
185,Malcom Filipe,Silva de Oliveira,Brazil,FC Barcelona,Right Wing,21,87,53,75,81,73,85,68,83,82,gold
186,Gonçalo Manuel,Ganchinho Guedes,Portugal,Valencia CF,Left Wing,22,87,67,78,70,68,81,69,79,90,gold
187,Gelson Dany,Batalha Martins,Portugal,Atlético Madrid,Right Midfielder,23,96,60,66,60,55,70,66,79,95,gold
188,Arthur Henrique,Ramos Oliveira Melo,Brazil,FC Barcelona,Centre Midfielder,22,68,74,72,60,81,75,69,86,71,gold
189,Ousmane,Dembélé,France,FC Barcelona,Right Wing,21,92,54,77,64,70,66,76,77,88,gold
190,Rodrigo,Hernández Cascante,Spain,Atlético Madrid,Centre Midfielder,22,71,63,68,54,80,77,46,82,66,gold
191,Santiago,Cazorla González,Spain,Villarreal CF,Centre Midfielder,34,60,69,76,79,85,82,86,87,53,gold
192,Cristhian,Stuani,Uruguay,Girona FC,Striker,32,71,79,84,59,67,78,84,77,67,gold
193,Juan Francisco,Torres Belén,Spain,Atlético Madrid,Left Back,34,76,82,55,61,68,54,68,80,89,gold
194,Santiago,Mina Lorenzo,Spain,Valencia CF,Striker,23,79,71,87,58,68,78,65,73,84,gold
195,Juan Francisco,Torres Belén,Spain,Atlético Madrid,Left Back,34,76,82,55,61,68,54,68,80,89,gold
196,Santiago,Mina Lorenzo,Spain,Valencia CF,Striker,23,79,71,87,58,68,78,65,73,84,gold
197,Joaquín,Sánchez Rodríguez,Spain,Real Betis,Right Midfielder,37,76,53,80,77,83,76,75,82,70,gold
198,Víctor,Ruiz Torre,Spain,Villarreal CF,Centre Back,29,55,82,37,46,70,38,46,75,59,gold
199,Marc,Bartra Aregall,Spain,Real Betis,Centre Back,28,75,80,55,45,77,62,52,79,72,gold
200,Gabriel,Armando de Abreu,Brazil,Valencia CF,Centre Back,28,71,82,42,46,69,50,51,74,74,gold
201,Rafael,Alcântara,Brazil,FC Barcelona,Centre Attacking Midfielder,25,71,44,73,61,76,82,67,86,70,gold
202,Geoffrey,Kondogbia,France,Valencia CF,Centre Midfielder,25,69,86,69,56,80,80,45,83,76,gold
203,Franco,Vázquez,Italy,Sevilla FC,Centre Attacking Midfielder,29,58,78,74,68,78,84,67,84,62,gold
204,Carlos,Bacca,Colombia,Villarreal CF,Striker,32,73,62,86,58,55,60,80,72,75,gold
205,Thomas,Partey,Ghana,Atlético Madrid,Centre Defensive Midfielder,25,73,76,63,58,79,75,46,85,76,gold
206,Daniel,García Carrillo,Spain,Athletic Club,Centre Defensive Midfielder,28,53,88,51,57,81,58,58,86,35,gold
207,Clément,Lenglet,France,FC Barcelona,Centre Back,23,72,80,23,27,69,35,43,78,73,gold
208,Lucas,Hernández,France,Atlético Madrid,Left Back,22,80,82,42,28,63,47,34,80,84,gold
209,Pau,López Sabata,Spain,Real Betis,Goalkeeper,24,45,39,19,21,41,18,25,38,52,gold
210,Gonçalo Manuel,Ganchinho Guedes,Portugal,Valencia CF,Left Wing,22,87,67,78,70,68,80,69,78,89,gold
211,Gelson Dany,Batalha Martins,Portugal,Atlético Madrid,Right Midfielder,23,95,60,66,60,55,69,66,78,94,gold
212,Arthur Henrique,Ramos Oliveira Melo,Brazil,FC Barcelona,Centre Midfielder,22,68,73,72,60,80,74,69,85,70,gold
213,Ousmane,Dembélé,France,FC Barcelona,Right Wing,21,91,54,76,64,70,66,75,76,88,gold
214,Rodrigo,Hernández Cascante,Spain,Atlético Madrid,Centre Midfielder,22,70,63,68,54,79,76,46,81,66,gold
215,Charles,Dias De Oliveira,Brazil,SD Eibar,Striker,34,69,68,83,57,56,80,63,73,63,gold
216,Kévin,Gameiro,France,Valencia CF,Striker,31,87,66,82,70,72,75,86,80,86,gold
217,Sidnei Rechel,da Silva Júnior,Brazil,Real Betis,Centre Back,29,67,78,49,42,73,54,62,76,59,gold
218,Oscar,De Marcos Arana,Spain,Athletic Club,Right Back,29,80,79,65,56,73,62,61,80,91,gold
219,Víctor,Machín Pérez,Spain,Atlético Madrid,Left Midfielder,29,79,61,78,62,81,73,74,80,77,gold
220,Jasper,Cillessen,Holland,FC Barcelona,Goalkeeper,29,55,25,10,10,33,15,21,47,50,gold
221,Jeison,Murillo,Colombia,Valencia CF,Centre Back,26,75,89,37,26,63,13,47,70,77,gold
222,David,López Silva,Spain,RCD Espanyol,Centre Back,29,57,79,68,47,65,67,53,81,62,gold
223,Álvaro,González Soberón,Spain,Villarreal CF,Centre Back,29,74,92,23,50,64,27,38,77,76,gold
224,Michy,Batshuayi,Belgium,Valencia CF,Striker,25,78,63,86,46,36,76,67,65,77,gold
225,Fernando,Pacheco Flores,Spain,D. Alavés,Goalkeeper,26,54,27,16,20,27,15,23,24,47,gold
226,Charles,Dias De Oliveira,Brazil,SD Eibar,Striker,34,69,68,83,57,56,80,63,73,63,gold
227,David,López Silva,Spain,RCD Espanyol,Centre Back,29,57,79,68,47,65,67,53,81,62,gold
228,Santiago,Arias,Colombia,Atlético Madrid,Right Back,27,87,84,52,61,82,51,58,83,90,gold
229,Fernando,Pacheco Flores,Spain,D. Alavés,Goalkeeper,26,54,27,16,20,27,15,23,24,47,gold
230,Gelson Dany,Batalha Martins,Portugal,Atlético Madrid,Right Midfielder,23,95,60,66,60,55,69,66,78,94,gold
231,Pablo,Fornals Malla,Spain,Villarreal CF,Centre Attacking Midfielder,22,67,69,77,60,80,80,46,84,66,gold
232,Juan Francisco,Torres Belén,Spain,Atlético Madrid,Right Back,34,74,79,54,59,66,53,67,78,87,gold
233,Francisco,Casilla Cortés,Spain,Real Madrid,Goalkeeper,32,33,45,14,25,24,13,23,30,50,gold
234,Oier,Olazábal Paredes,Spain,Levante UD,Goalkeeper,29,47,28,14,15,33,15,25,35,44,gold
235,Seydou,Doumbia,Côte d'Ivoire,Girona FC,Striker,31,89,66,81,75,68,75,88,76,94,gold
236,Rubén Salvador,Pérez del Mármol,Spain,CD Leganés,Centre Midfielder,29,54,87,43,57,71,71,50,78,45,gold
237,Tomás,Pina Isla,Spain,D. Alavés,Centre Midfielder,31,67,79,68,64,83,75,65,84,60,gold
238,Ángel,Correa,Argentina,Atlético Madrid,Right Midfielder,23,84,41,83,65,65,84,55,74,78,gold
239,Jonathan,Calleri,Argentina,D. Alavés,Striker,25,74,68,81,38,63,73,66,72,76,gold
240,Joan,Jordán Moreno,Spain,SD Eibar,Centre Midfielder,24,68,64,82,70,81,83,66,83,72,gold
241,Nélson,Cabral Semedo,Portugal,FC Barcelona,Right Back,25,91,78,50,30,65,61,38,74,93,gold
242,André Miguel,Valente da Silva,Portugal,Sevilla FC,Striker,23,78,80,85,35,61,65,87,71,87,gold
243,Álvaro,Odriozola Arzalluz,Spain,Real Madrid,Right Back,23,80,63,45,30,70,60,63,78,83,gold
244,Carlos,Soler Barragán,Spain,Valencia CF,Right Midfielder,22,75,49,75,83,79,73,81,85,78,gold
245,Junior,Firpo,Dominican Republic,Real Betis,Left Wing Back,22,78,59,64,47,77,69,43,79,74,gold
246,Oier,Olazábal Paredes,Spain,Levante UD,Goalkeeper,29,47,28,14,15,33,15,25,35,44,gold
247,Tomás,Pina Isla,Spain,D. Alavés,Centre Midfielder,31,67,79,68,64,83,75,65,84,60,gold
248,Yassine,Bounou,Morocco,Girona FC,Goalkeeper,27,41,25,14,19,44,19,24,39,37,gold
249,Jonathan,Calleri,Argentina,D. Alavés,Striker,25,74,68,81,38,63,73,66,72,76,gold
250,Mariano,Díaz Mejía,Dominican Republic,Real Madrid,Striker,25,84,87,82,77,51,83,75,70,86,gold
251,Joan,Jordán Moreno,Spain,SD Eibar,Centre Midfielder,24,68,64,82,70,81,83,66,83,72,gold
252,Junior,Firpo,Dominican Republic,Real Betis,Left Wing Back,22,78,59,64,47,77,69,43,79,74,gold
253,Raúl,de Tomás Gómez,Spain,Rayo Vallecano,Striker,24,71,58,83,80,46,82,79,75,79,gold
254,Raúl,García Escudero,Spain,Athletic Club,Centre Attacking Midfielder,32,47,84,79,68,79,83,76,81,57,gold
255,Pedro León,Sánchez Gil,Spain,SD Eibar,Right Midfielder,32,63,55,76,86,85,79,71,83,63,gold
256,Kévin,Gameiro,France,Valencia CF,Striker,31,86,66,81,70,72,75,85,79,85,gold
257,Bruno,Soriano Llido,Spain,Villarreal CF,Centre Midfielder,34,36,76,66,77,84,77,75,85,36,gold
258,Pablo,Sarabia García,Spain,Sevilla FC,Right Midfielder,26,72,32,77,73,76,75,61,83,74,gold
259,Wissam,Ben Yedder,France,Sevilla FC,Striker,28,87,55,83,76,66,69,70,75,83,gold
260,Víctor,Machín Pérez,Spain,Atlético Madrid,Left Midfielder,29,78,61,77,62,80,73,74,79,77,gold
261,Jasper,Cillessen,Holland,FC Barcelona,Goalkeeper,29,54,25,10,10,33,15,21,47,50,gold
262,Jeison,Murillo,Colombia,Valencia CF,Centre Back,26,75,88,37,26,62,13,46,69,76,gold
263,Michy,Batshuayi,Belgium,Valencia CF,Striker,25,77,63,85,46,36,76,67,64,76,gold
264,Joan,Jordán Moreno,Spain,SD Eibar,Centre Midfielder,24,68,64,82,70,81,83,66,83,72,gold
265,Junior,Firpo,Dominican Republic,Real Betis,Left Wing Back,22,78,59,64,47,77,69,43,79,74,gold
266,Raúl,de Tomás Gómez,Spain,Rayo Vallecano,Striker,24,71,58,83,80,46,82,79,75,79,gold
267,Miguel Ángel,Moyá Rumbo,Spain,Real Sociedad,Goalkeeper,34,46,22,11,12,35,16,11,31,34,gold
268,Santiago,Cazorla González,Spain,Villarreal CF,Centre Midfielder,34,54,64,71,78,84,76,80,85,48,gold
269,Diego,López Rodríguez,Spain,RCD Espanyol,Goalkeeper,37,34,36,12,11,23,11,21,28,52,gold
270,Juan Francisco,Torres Belén,Spain,Atlético Madrid,Right Back,34,74,78,54,59,66,53,66,77,86,gold
271,Beñat,Etxebarria Urkiaga,Spain,Athletic Club,Centre Midfielder,31,64,78,69,84,82,76,69,81,41,gold
272,Ángel Luís,Rodríguez Díaz,Spain,Getafe CF,Striker,31,74,62,83,50,49,80,69,78,74,gold
273,Francisco,Casilla Cortés,Spain,Real Madrid,Goalkeeper,32,32,45,14,25,24,13,23,30,49,gold
274,Vitorino,Pacheco Antunes,Portugal,Getafe CF,Left Back,31,76,75,56,80,76,84,61,77,79,gold
275,Cristhian,Stuani,Uruguay,Girona FC,Striker,32,67,77,80,57,65,75,80,74,64,gold
276,Ryad,Boudebouz,Algeria,Real Betis,Centre Attacking Midfielder,28,75,58,77,82,76,76,90,81,73,gold
277,Markel,Susaeta Laskurain,Spain,Athletic Club,Right Wing,31,80,68,69,82,81,75,58,82,71,gold
278,Iker,Muniain Goñi,Spain,Athletic Club,Left Wing,26,83,66,76,69,65,72,61,75,75,gold
279,Enrique,García Martínez,Spain,SD Eibar,Striker,29,65,71,81,46,49,78,70,77,71,gold
280,Mario Gaspar,Pérez Martínez,Spain,Villarreal CF,Right Back,28,76,78,68,54,69,69,50,77,80,gold
281,Hugo,Mallo Novegil,Spain,RC Celta,Right Back,27,71,76,28,38,68,39,23,71,71,gold
282,Sergi,Enrich Ametller,Spain,SD Eibar,Striker,28,60,66,81,47,61,70,63,79,65,gold
283,Luis,Muriel,Colombia,Sevilla FC,Striker,27,86,50,77,60,55,65,74,75,90,gold
284,Manuel,Agudo Durán,Spain,Sevilla FC,Left Wing,32,74,73,79,80,67,81,74,76,70,gold
285,Cristian,Tello Herrera,Spain,Real Betis,Left Midfielder,27,93,48,74,64,70,71,56,77,91,gold
286,Cristian,Portugues Manzanera,Spain,Girona FC,Right Midfielder,26,85,76,81,64,78,75,53,83,80,gold
287,Takashi,Inui,Japan,Real Betis,Left Midfielder,30,88,49,70,65,70,77,51,76,77,gold
288,Zouhair,Feddal,Morocco,Real Betis,Centre Back,29,51,82,40,38,68,56,48,76,62,gold
289,Santiago,Mina Lorenzo,Spain,Valencia CF,Striker,23,77,69,82,55,65,74,62,69,81,gold
290,Ángel,Correa,Argentina,Atlético Madrid,Right Midfielder,23,83,41,82,65,65,83,55,73,78,gold
291,Mariano,Díaz Mejía,Dominican Republic,Real Madrid,Striker,25,84,86,81,76,51,82,75,69,85,gold
292,Karl,Toko-Ekambi,Cameroon,Villarreal CF,Striker,26,86,43,83,63,58,72,69,69,83,gold
293,Nélson,Cabral Semedo,Portugal,FC Barcelona,Right Back,25,91,77,50,30,65,60,38,73,92,gold
294,Mikel,Oyarzabal Ugarte,Spain,Real Sociedad,Left Wing,21,71,40,77,71,73,79,47,80,74,gold
295,Álvaro,Odriozola Arzalluz,Spain,Real Madrid,Right Back,23,80,63,45,30,70,59,62,77,82,gold
296,Carlos,Soler Barragán,Spain,Valencia CF,Right Midfielder,22,75,49,74,82,79,73,80,84,77,gold
297,Maximiliano,Gómez,Uruguay,RC Celta,Striker,22,61,65,85,53,58,76,67,76,65,gold
298,Nikola,Kalinić,Croatia,Atlético Madrid,Striker,31,67,68,84,54,48,60,70,73,74,gold
299,Francis,Coquelin,France,Valencia CF,Centre Defensive Midfielder,27,70,92,54,41,75,57,52,78,73,gold
300,Denis,Suárez Fernández,Spain,FC Barcelona,Centre Midfielder,25,77,47,73,70,78,74,63,83,77,gold
301,José Luís,Gayà Peña,Spain,Valencia CF,Left Back,23,86,73,62,49,75,59,52,82,88,gold
302,Mariano,Díaz Mejía,Dominican Republic,Real Madrid,Striker,25,84,86,81,76,51,82,75,69,85,gold
303,Marcos,Llorente Moreno,Spain,Real Madrid,Centre Defensive Midfielder,23,53,65,39,51,82,57,54,85,55,gold
304,Fábio Alexandre,Silva Coentrão,Portugal,Real Madrid,Left Back,30,78,82,61,51,69,65,54,78,74,gold
305,Aïssa,Mandi,Algeria,Real Betis,Centre Back,27,65,69,41,49,73,49,35,78,66,gold
306,David,López Silva,Spain,RCD Espanyol,Centre Back,29,53,78,65,46,64,64,50,79,57,gold
307,Sergi,Darder Moll,Spain,RCD Espanyol,Centre Midfielder,25,58,71,59,58,81,69,55,84,45,gold
308,Álvaro,González Soberón,Spain,Villarreal CF,Centre Back,29,72,89,22,45,57,26,36,69,73,gold
309,Roque,Mesa Quevedo,Spain,Sevilla FC,Centre Defensive Midfielder,29,74,89,65,48,77,54,42,82,75,gold
310,Iñigo,Martínez Berridi,Spain,Athletic Club,Centre Back,27,71,84,42,51,81,74,39,71,74,gold
311,Denis,Suárez Fernández,Spain,FC Barcelona,Centre Midfielder,25,77,47,72,70,78,73,63,82,77,gold
312,Leonardo,Carrilho Baptistão,Brazil,RCD Espanyol,Striker,26,75,38,78,59,55,74,65,75,78,gold
313,Fernando,Pacheco Flores,Spain,D. Alavés,Goalkeeper,26,48,27,16,20,27,15,23,24,42,gold
314,José Luís,Gayà Peña,Spain,Valencia CF,Left Back,23,86,72,61,49,75,59,52,81,87,gold
315,Antonio,Sanabria,Paraguay,Real Betis,Striker,22,77,32,81,64,63,65,69,74,79,gold
316,Àlex,Granell Nogué,Spain,Girona FC,Centre Midfielder,30,65,73,74,76,79,81,68,83,60,gold
317,Marcos,Llorente Moreno,Spain,Real Madrid,Centre Defensive Midfielder,23,53,65,39,51,81,56,53,84,54,gold
318,Marko,Dmitrović,Serbia,SD Eibar,Goalkeeper,26,39,20,20,9,40,17,9,40,35,gold
319,Fábio Alexandre,Silva Coentrão,Portugal,Rio Ave FC,Left Back,30,77,81,61,51,69,64,54,77,74,gold
320,Cristiano,Piccini,Italy,Valencia CF,Right Back,26,74,74,32,37,59,35,35,74,77,gold
321,Santiago,Arias,Colombia,Atlético Madrid,Right Back,27,84,80,51,54,74,50,57,75,87,gold
322,Daniel,Ceballos Fernández,Spain,Real Madrid,Centre Midfielder,22,70,77,63,61,79,64,55,81,60,gold
323,Jesús,Vallejo Lázaro,Spain,Real Madrid,Centre Back,22,67,74,44,31,75,31,45,76,74,gold
324,Brais,Méndez Portela,Spain,RC Celta,Right Midfielder,22,77,39,80,62,72,79,68,82,77,gold
325,Brais,Méndez Portela,Spain,RC Celta,Right Midfielder,22,77,39,80,62,72,79,68,82,77,gold
326,Charles,Dias De Oliveira,Brazil,SD Eibar,Striker,34,64,66,80,53,52,78,61,68,59,gold
327,Fábio Alexandre,Silva Coentrão,Portugal,Real Madrid,Left Back,30,77,81,61,51,69,64,54,77,74,gold
328,Simon,Kjær,Denmark,Sevilla FC,Centre Back,29,56,75,55,69,69,41,61,76,65,gold
329,Sidnei Rechel,da Silva Júnior,Brazil,Real Betis,Centre Back,29,64,77,46,39,68,50,58,70,57,gold
330,Gabriel,Mercado,Argentina,Sevilla FC,Centre Back,31,75,81,60,54,65,58,49,71,75,gold
331,Pablo,Piatti,Argentina,RCD Espanyol,Left Midfielder,29,89,55,76,58,70,72,64,76,83,gold
332,Nikola,Kalinić,Croatia,Atlético Madrid,Striker,31,67,68,83,54,48,60,70,72,73,gold
333,Francis,Coquelin,France,Valencia CF,Centre Defensive Midfielder,27,70,91,54,41,74,57,52,77,72,gold
334,Oscar,De Marcos Arana,Spain,Athletic Club,Right Back,29,79,77,59,53,69,56,55,75,89,gold
335,Sergio,Canales Madrazo,Spain,Real Betis,Centre Attacking Midfielder,27,64,55,77,76,70,78,66,84,57,gold
336,Fabián,Orellana,Chile,SD Eibar,Centre Attacking Midfielder,32,77,54,77,79,74,80,75,78,71,gold
337,Sergio,Escudero Palomo,Spain,Sevilla FC,Left Back,29,72,75,56,69,77,63,66,77,77,gold
338,Jaume Vicent,Costa Jordá,Spain,Villarreal CF,Left Back,30,78,85,53,59,65,62,56,79,81,gold
339,Borja,García Freire,Spain,Girona FC,Left Midfielder,28,81,52,77,54,80,78,62,82,77,gold
340,Sergio,León Limones,Spain,Real Betis,Striker,30,76,71,82,64,34,79,80,72,75,gold
341,Ibai,Gómez Pérez,Spain,D. Alavés,Right Midfielder,29,76,63,79,81,78,78,65,76,74,gold
342,John,Guidetti,Sweden,D. Alavés,Striker,26,65,75,78,80,53,81,81,75,65,gold
343,José,Gómez Campaña,Spain,Levante UD,Centre Midfielder,25,65,66,72,78,81,76,69,82,61,gold
344,Javier,Fuego Martínez,Spain,Villarreal CF,Centre Defensive Midfielder,35,57,83,54,62,72,64,60,78,42,gold
345,Jesús,Navas González,Spain,Sevilla FC,Right Midfielder,33,88,63,62,46,73,70,56,75,85,gold
346,Fran. Javier,García Fernández,Spain,Real Betis,Centre Defensive Midfielder,31,62,86,59,44,77,54,61,82,62,gold
347,Sergio,Álvarez Conde,Spain,RC Celta,Goalkeeper,32,44,34,11,11,39,11,23,37,43,gold
348,Manuel,García Sánchez,Spain,D. Alavés,Centre Defensive Midfielder,32,46,90,60,54,73,53,71,77,61,gold
349,Jorge,Andújar Moreno,Spain,Levante UD,Right Back,31,75,74,66,36,68,60,74,76,73,gold
350,Esteban,Granero Molina,Spain,RCD Espanyol,Centre Midfielder,31,55,72,71,76,82,78,73,83,50,gold
351,Miguel,Layún,Mexico,Villarreal CF,Right Back,30,76,72,67,74,74,76,74,76,76,gold
352,Daniel Filipe,Martins Carriço,Portugal,Sevilla FC,Centre Back,30,47,85,48,54,75,50,62,74,54,gold
353,Ander,Iturraspe Derteano,Spain,Athletic Club,Centre Midfielder,29,52,70,61,66,78,68,58,81,54,gold
354,Iago,Herrerín Buisán,Spain,Athletic Club,Goalkeeper,30,45,37,13,12,29,16,25,16,34,gold
355,Anaitz,Arbilla Zabala,Spain,SD Eibar,Centre Back,31,55,84,40,82,65,68,47,77,70,gold
356,Cristiano,Piccini,Italy,Valencia CF,Right Back,26,74,74,32,37,59,35,35,73,76,gold
357,Tomáš,Vaclík,Czech Republic,Sevilla FC,Goalkeeper,29,34,29,14,16,38,16,13,17,35,gold
358,Santiago,Arias,Colombia,Atlético Madrid,Right Back,27,84,79,51,54,73,50,56,74,86,gold
359,Adnan,Januzaj,Belgium,Real Sociedad,Right Wing,23,79,41,71,65,74,70,60,79,76,gold
360,Alexander,Szymanowski,Argentina,CD Leganés,Left Midfielder,30,91,55,78,57,63,68,70,74,84,gold
361,Paulo André,Rodrigues Oliveira,Portugal,SD Eibar,Centre Back,28,66,71,25,29,49,29,45,75,70,gold
362,Pere,Pons Riera,Spain,Girona FC,Centre Midfielder,25,68,75,65,62,80,64,45,82,67,gold
363,Pione,Sisto,Denmark,RC Celta,Left Wing,23,81,52,76,75,65,72,66,70,81,gold
364,Johan,Mojica,Colombia,Girona FC,Left Wing Back,26,89,75,62,68,70,61,67,78,90,gold
365,Ander,Capa Rodríguez,Spain,Athletic Club,Right Back,26,82,86,56,58,56,62,54,71,86,gold
366,Stanislav,Lobotka,Slovakia,RC Celta,Centre Midfielder,24,70,57,59,55,76,65,56,84,63,gold
367,Gonzalo,Escalante,Argentina,SD Eibar,Centre Defensive Midfielder,25,71,85,56,52,74,58,64,76,72,gold
368,Daniel,Ceballos Fernández,Spain,Real Madrid,Centre Midfielder,22,69,76,62,61,78,63,55,80,60,gold
369,Enis,Bardhi,FYR Macedonia,Levante UD,Centre Midfielder,23,76,54,75,90,77,84,75,79,64,gold
370,Lorenzo,Morón García,Spain,Real Betis,Striker,25,63,38,86,53,35,80,77,74,66,gold
371,Thomas,Vermaelen,Belgium,FC Barcelona,Centre Back,33,68,78,52,64,79,69,63,81,64,gold
372,Denis,Cheryshev,Russia,Valencia CF,Left Midfielder,28,77,62,79,61,68,85,64,72,80,gold
373,Rúben Miguel,Nunes Vezo,Portugal,Valencia CF,Centre Back,24,69,76,44,32,67,56,55,70,69,gold
374,Munir,El Haddadi,Spain,FC Barcelona,Striker,23,78,38,79,67,58,77,66,78,81,gold
375,Vinícius José,de Oliveira Júnior,Brazil,Real Madrid,Left Wing,18,92,48,74,58,48,68,65,71,95,gold
376,Sergio,García de la Fuente,Spain,RCD Espanyol,Striker,35,70,61,76,64,72,74,80,76,69,gold
377,Iván,Ramis Barrios,Spain,SD Eibar,Centre Back,34,34,84,54,77,72,65,65,72,35,gold
378,Jorge,Molina Vidal,Spain,Getafe CF,Striker,36,34,76,79,59,57,75,80,75,41,gold
379,Markel,Bergara Larrañaga,Spain,Getafe CF,Centre Defensive Midfielder,32,64,79,67,71,76,68,59,78,32,gold
380,Thomas,Vermaelen,Belgium,FC Barcelona,Centre Back,33,67,77,52,64,78,68,62,80,64,gold
381,Gustavo,Cabral,Argentina,RC Celta,Centre Back,33,38,82,26,48,59,29,47,72,36,gold
382,Antonio,Barragán Fernández,Spain,Real Betis,Right Back,31,69,74,44,51,62,53,55,77,71,gold
383,David,Zurutuza,France,Real Sociedad,Centre Midfielder,32,66,72,74,59,74,75,61,79,64,gold
384,Óscar,Trejo,Argentina,Rayo Vallecano,Centre Attacking Midfielder,30,67,70,73,69,70,68,70,75,73,gold
385,Papakouli,Diop,Senegal,SD Eibar,Centre Defensive Midfielder,32,50,89,57,69,72,71,61,74,54,gold
386,Yuri,Berchiche Izeta,Spain,Athletic Club,Left Back,28,78,85,43,55,68,77,59,70,77,gold
387,Roberto,Jiménez Gago,Spain,RCD Espanyol,Goalkeeper,32,45,29,14,14,38,11,19,39,48,gold
388,Mikel,San José Domínguez,Spain,Athletic Club,Centre Midfielder,29,33,76,60,44,77,73,51,78,38,gold
389,Yoel,Rodríguez Oterino,Spain,SD Eibar,Goalkeeper,30,35,35,14,15,35,11,25,31,43,gold
390,Bernardo,Espinosa,Colombia,Girona FC,Centre Back,29,43,79,39,42,61,42,52,74,51,gold
391,Victor,Sánchez Mata,Spain,RCD Espanyol,Right Back,31,58,86,57,69,78,67,61,85,61,gold
392,José Ángel,Valdés Díaz,Spain,SD Eibar,Left Back,29,69,69,42,67,61,57,45,77,74,gold
393,Leandro,Chichizola,Argentina,Getafe CF,Goalkeeper,28,49,15,16,14,13,17,25,14,54,gold
394,Juan Pedro,Ramírez López,Spain,Girona FC,Centre Back,27,41,79,35,35,60,27,37,79,63,gold
395,Hernán,Pérez,Paraguay,RCD Espanyol,Right Midfielder,29,78,85,70,62,67,78,48,76,76,gold
396,Juan Miguel,Jiménez López,Spain,Real Sociedad,Left Wing,25,77,57,80,57,53,72,63,75,76,gold
397,Sergi,Gómez Solà,Spain,Sevilla FC,Centre Back,26,43,69,35,46,77,47,41,80,34,gold
398,Ramiro,Funes Mori,Argentina,Villarreal CF,Centre Back,27,61,83,40,58,55,56,52,67,68,gold
399,Bruno,González Cabrera,Spain,Getafe CF,Centre Back,28,32,81,23,31,68,22,42,73,35,gold
400,Aleix,Vidal Parreu,Spain,Sevilla FC,Right Back,29,89,80,67,46,64,59,51,78,93,gold
401,Damián,Suárez,Uruguay,Getafe CF,Right Back,30,77,80,59,70,66,70,67,76,80,gold
402,Okay,Yokuşlu,Turkey,RC Celta,Centre Defensive Midfielder,24,72,81,65,65,72,75,60,77,74,gold
403,Denis,Cheryshev,Russia,Valencia CF,Left Midfielder,28,77,62,78,61,68,84,64,72,79,gold
404,Roger,Martí Salvador,Spain,Levante UD,Striker,28,78,65,78,46,48,72,78,71,79,gold
405,Yassine,Bounou,Morocco,Girona FC,Goalkeeper,27,37,25,14,19,44,19,24,39,34,gold
406,Jozabed,Sánchez Ruiz,Spain,RC Celta,Centre Midfielder,27,67,58,73,57,72,77,54,78,61,gold
407,Rubén,Blanco Veiga,Spain,RC Celta,Goalkeeper,23,54,22,18,13,29,15,22,35,52,gold
408,Nikola,Vukčević,Montenegro,Levante UD,Centre Defensive Midfielder,27,64,85,38,64,70,61,53,79,56,gold
409,Joan,Jordán Moreno,Spain,SD Eibar,Centre Midfielder,24,65,61,77,67,77,78,62,79,68,gold
410,Nemanja,Radoja,Serbia,RC Celta,Centre Midfielder,25,52,74,72,36,78,71,42,77,38,gold
411,Alejandro,Remiro Gargallo,Spain,Athletic Club,Goalkeeper,23,40,34,13,17,25,11,24,29,46,gold
412,Yeray,Álvarez López,Spain,Athletic Club,Centre Back,23,66,80,41,50,71,43,61,70,67,gold
413,André Miguel,Valente da Silva,Portugal,Sevilla FC,Striker,23,75,76,78,33,58,60,80,67,83,gold
414,Joris,Gnagnon,France,Sevilla FC,Centre Back,22,66,76,28,28,47,27,47,65,66,gold
415,Gaku,Shibasaki,Japan,Getafe CF,Centre Attacking Midfielder,26,69,65,70,67,79,66,71,81,67,gold
416,Amath,Ndiaye Diedhiou,Senegal,Getafe CF,Left Midfielder,22,89,62,80,65,60,64,49,72,89,gold
417,Vinícius José,de Oliveira Júnior,Brazil,Real Madrid,Left Wing,18,92,48,73,58,48,68,65,70,94,gold
418,Yoel,Rodríguez Oterino,Spain,R. Valladolid CF,Goalkeeper,30,35,35,14,15,35,11,25,31,43,gold
419,Mouctar,Diakhaby,France,Valencia CF,Centre Back,22,57,76,36,26,53,29,50,69,60,gold
420,Carlos,Fernández Luna,Spain,RC Deportivo,Striker,22,63,69,80,26,47,79,81,67,72,gold
421,Marc,Cucurella Saseta,Spain,SD Eibar,Left Midfielder,20,83,78,58,56,71,47,46,80,87,gold
422,Carlos,Fernández Luna,Spain,RC Deportivo,Striker,22,63,69,80,26,47,79,81,67,72,gold
423,Marc,Cucurella Saseta,Spain,SD Eibar,Left Midfielder,20,83,78,58,56,71,47,46,80,87,gold
424,Sergio,García de la Fuente,Spain,RCD Espanyol,Striker,35,70,61,76,64,72,74,80,76,69,gold
425,Iván,Ramis Barrios,Spain,SD Eibar,Centre Back,34,34,84,54,77,72,65,65,72,35,gold
426,Jorge,Molina Vidal,Spain,Getafe CF,Striker,36,34,76,79,59,57,75,80,75,41,gold
427,Markel,Bergara Larrañaga,Spain,Getafe CF,Centre Defensive Midfielder,32,64,79,67,71,76,68,59,78,32,gold
428,Thomas,Vermaelen,Belgium,FC Barcelona,Centre Back,33,67,77,52,64,78,68,62,80,64,gold
429,Gustavo,Cabral,Argentina,RC Celta,Centre Back,33,38,82,26,48,59,29,47,72,36,gold
430,Antonio,Barragán Fernández,Spain,Real Betis,Right Back,31,69,74,44,51,62,53,55,77,71,gold
431,Rubén,Sobrino Pozuelo,Spain,D. Alavés,Striker,26,79,65,78,57,47,74,66,73,85,gold
432,Raúl,de Tomás Gómez,Spain,Rayo Vallecano,Striker,24,66,54,79,73,42,78,75,68,73,gold
433,Pablo,De Blasis,Argentina,SD Eibar,Left Midfielder,30,81,74,72,62,66,72,79,74,75,gold
434,Diego Javier,Llorente Ríos,Spain,Real Sociedad,Centre Back,25,65,75,39,35,72,37,53,76,63,gold
435,Moses,Simon,Nigeria,Levante UD,Left Midfielder,23,93,38,72,55,54,68,60,69,92,gold
436,Adrián,Embarba Blazquez,Spain,Rayo Vallecano,Right Midfielder,26,76,56,72,65,76,68,55,78,79,gold
437,Jaume,Domenech Sánchez,Spain,Valencia CF,Goalkeeper,28,58,21,11,13,32,12,25,32,58,gold
438,Jaime,Mata Arnaiz,Spain,Getafe CF,Striker,30,72,73,81,48,49,71,70,61,76,gold
439,Javier,Eraso Goñi,Spain,CD Leganés,Centre Attacking Midfielder,28,59,82,78,59,79,75,53,80,59,gold
440,Borja,Iglesias Quintas,Spain,RCD Espanyol,Striker,26,59,42,83,36,64,75,78,68,65,gold
441,Emmanuel,Boateng,Ghana,Levante UD,Striker,22,89,62,75,41,46,64,64,69,88,gold
442,Alfonso,Pedraza Sag,Spain,Villarreal CF,Left Midfielder,22,78,58,72,57,68,66,64,70,83,gold
443,Mouctar,Diakhaby,France,Valencia CF,Centre Back,22,57,76,36,26,52,29,49,68,59,gold
444,Iván,Alejo Peralta,Spain,Getafe CF,Right Midfielder,23,73,45,73,49,71,64,47,76,86,gold
445,Theo,Hernández,France,Real Sociedad,Left Back,21,90,75,50,64,52,54,41,76,93,gold
446,Mauro,Arambarri,Uruguay,Getafe CF,Centre Defensive Midfielder,23,47,79,49,46,78,55,50,79,53,gold
447,Andriy,Lunin,Ukraine,CD Leganés,Goalkeeper,19,33,22,8,15,26,7,19,25,26,gold
448,Paulo Henrique,Chagas de Lima,Brazil,Amiens SC,Centre Attacking Midfielder,29,33,56,72,76,80,76,76,82,30,gold
449,David,Timor Copoví,Spain,UD Las Palmas,Centre Defensive Midfielder,29,39,80,44,81,77,80,69,81,52,gold
450,Antonio,Latorre Grueso,Spain,Valencia CF,Left Back,21,83,68,51,38,71,53,39,73,82,gold
451,Uroš,Račić,Serbia,Valencia CF,Centre Defensive Midfielder,20,54,69,60,55,73,75,62,76,66,gold
452,Borja,Mayoral Moya,Spain,Real Madrid,Striker,21,68,27,80,57,43,70,69,70,73,gold
453,Daniele,Bonera,Italy,Villarreal CF,Centre Back,37,33,80,23,29,61,53,49,60,30,gold
454,Gorka,Iraizoz Moreno,Spain,Girona FC,Goalkeeper,37,32,38,12,13,20,14,13,29,33,gold
455,Mariano,Barbosa,Argentina,Villarreal CF,Goalkeeper,34,42,37,11,12,36,12,24,38,43,gold
456,Andrés Eduardo,Fernández Moreno,Spain,Villarreal CF,Goalkeeper,32,58,40,13,12,40,12,21,35,55,gold
457,Iván,Cuéllar Sacristán,Spain,CD Leganés,Goalkeeper,34,59,28,15,20,28,12,25,23,43,gold
458,Héctor,Moreno,Mexico,Real Sociedad,Centre Back,31,65,77,43,28,68,44,63,75,63,gold
459,Nabil,El Zhar,Morocco,CD Leganés,Right Midfielder,32,76,58,74,58,64,71,72,77,68,gold
460,Gaël,Kakuta,Congo DR,Rayo Vallecano,Left Midfielder,27,83,42,71,78,66,65,51,74,75,gold
461,Paulo Henrique,Chagas de Lima,Brazil,Sevilla FC,Centre Attacking Midfielder,29,33,56,72,76,80,76,76,82,30,gold
462,Seydou,Doumbia,Côte d'Ivoire,Girona FC,Striker,31,87,60,73,69,63,68,80,70,91,gold
463,Víctor,Laguardia Cisneros,Spain,D. Alavés,Centre Back,29,54,89,49,35,57,30,32,70,63,gold
464,Serdar,Gürler,Turkey,SD Huesca,Right Midfielder,27,89,33,74,60,59,62,52,70,85,gold
465,Jordi,Amat Maas,Spain,Rayo Vallecano,Centre Back,26,61,82,34,36,52,65,28,68,69,gold
466,Tomás,Pina Isla,Spain,D. Alavés,Centre Midfielder,31,60,73,62,60,78,68,59,79,54,gold
467,Sergio,Álvarez Díaz,Spain,SD Eibar,Centre Defensive Midfielder,26,70,76,60,52,75,73,41,73,69,gold
468,David,Timor Copoví,Spain,Girona FC,Centre Defensive Midfielder,29,39,80,44,81,77,80,69,81,52,gold
469,Nicola,Sansone,Italy,Villarreal CF,Striker,27,82,68,77,69,65,75,66,75,81,gold
470,Jon Ander,Serantes Simón,Spain,CD Leganés,Goalkeeper,29,55,27,18,13,39,14,18,21,65,gold
471,David,Juncà Reñé,Spain,RC Celta,Left Back,25,81,75,35,58,61,46,55,72,77,gold
472,Ibrahim,Amadou,France,Sevilla FC,Centre Defensive Midfielder,25,69,80,39,32,73,62,51,76,73,gold
473,Álvaro,Medrán Just,Spain,Rayo Vallecano,Centre Midfielder,24,60,45,58,76,80,80,80,81,63,gold
474,Óscar,Duarte,Costa Rica,RCD Espanyol,Centre Back,29,55,74,26,32,55,24,37,70,66,gold
475,Diego,Rolán,Uruguay,CD Leganés,Striker,25,74,64,77,70,62,63,75,74,78,gold
476,Sergio,Postigo Redondo,Spain,Levante UD,Centre Back,30,59,75,44,26,69,34,45,65,64,gold
477,Guido,Carrillo,Argentina,CD Leganés,Striker,27,57,72,75,36,57,72,77,64,62,gold
478,Jorge,Franco Alviz,Spain,D. Alavés,Left Midfielder,25,74,35,69,64,63,66,59,74,78,gold
479,Unai,López Cabrera,Spain,Athletic Club,Centre Midfielder,23,74,72,74,79,74,71,46,75,72,gold
480,Iván,López Álvarez,Spain,R. Valladolid CF,Left Midfielder,24,81,49,75,66,65,76,73,71,80,gold
481,Jonathan,Rodríguez Menéndez,Spain,D. Alavés,Left Midfielder,27,87,60,69,76,70,66,59,71,85,gold
482,Unai,Bustinza Martínez,Spain,CD Leganés,Centre Back,26,66,71,30,35,53,38,33,72,68,gold
483,Mikel,Merino Zazón,Spain,Real Sociedad,Centre Midfielder,22,61,73,62,69,74,67,58,78,62,gold
484,Iñigo,Lekue Martínez,Spain,Athletic Club,Right Back,25,90,67,67,56,67,68,53,74,84,gold
485,Sabin,Merino Zuloaga,Spain,Athletic Club,Left Wing,27,69,60,77,66,62,71,69,71,78,gold
486,Aritz,Elustondo,Spain,Real Sociedad,Centre Back,24,67,77,26,41,43,40,43,72,71,gold
487,Rubén,Duarte Sánchez,Spain,D. Alavés,Left Back,23,68,70,28,60,55,30,40,77,69,gold
488,Gonzalo,Melero Manzanares,Spain,SD Huesca,Centre Midfielder,25,59,58,74,67,74,73,58,77,63,gold
489,Borja,Mayoral Moya,Spain,Real Madrid,Striker,21,68,27,79,57,43,70,69,69,72,gold
490,Sergio,Guardiola Navarro,Spain,Getafe CF,Striker,27,61,67,80,43,41,77,71,72,61,gold
491,Mathias,Jensen,Denmark,RC Celta,Centre Midfielder,23,74,65,65,66,75,69,69,76,74,gold
492,Iñigo,Córdoba Kerejeta,Spain,Athletic Club,Left Wing,21,85,68,70,38,65,73,71,75,82,gold
493,Antonio,Latorre Grueso,Spain,Valencia CF,Left Back,21,82,67,51,38,70,53,39,72,81,gold
494,Marc,Roca Junqué,Spain,RCD Espanyol,Centre Defensive Midfielder,22,54,69,59,52,74,65,55,80,55,gold
495,Erick,Cabaco,Uruguay,Levante UD,Centre Back,23,67,82,36,27,62,34,32,62,67,gold
496,Juan Camilo,Hernández,Colombia,SD Huesca,Striker,19,88,40,78,68,59,74,54,67,83,gold
497,Francisco,Guerrero Martín,Spain,Real Betis,Right Midfielder,22,77,55,75,52,74,42,53,72,82,gold
498,Unai,Núñez Gestoso,Spain,Athletic Club,Centre Back,21,66,74,16,22,33,17,31,74,68,gold
499,Junior,Firpo,Dominican Republic,Real Betis,Left Back,22,72,55,57,43,70,61,38,72,69,gold
500,Daniel,Raba Antolin,Spain,Villarreal CF,Right Midfielder,23,75,50,73,42,74,60,49,76,72,gold
501,Martín,Aguirregabiria,Spain,D. Alavés,Right Back,22,74,62,28,40,45,35,38,76,74,gold
502,Uroš,Račić,Serbia,Valencia CF,Centre Defensive Midfielder,20,54,69,60,55,72,74,62,75,65,gold
503,Tiago Manuel,Dias Correia,Portugal,Rayo Vallecano,Left Midfielder,28,76,72,73,73,69,70,65,71,91,gold
504,Claudio,Beauvue,France,Stade Malherbe Caen,Striker,30,69,54,74,71,61,69,70,75,66,gold
505,Sabin,Merino Zuloaga,Spain,CD Leganés,Left Wing,27,69,60,77,66,62,71,69,71,78,gold
506,Borja,Mayoral Moya,Spain,Levante UD,Striker,21,68,27,79,57,43,70,69,69,72,gold
507,Junior,Firpo,Dominican Republic,Real Betis,Left Back,22,72,55,57,43,70,61,38,72,69,gold
508,Mikel,Rico Moreno,Spain,Athletic Club,Centre Midfielder,34,56,72,61,63,76,64,60,75,39,gold
509,Tiago Manuel,Dias Correia,Portugal,SD Eibar,Left Midfielder,28,76,72,73,73,69,70,65,71,91,gold
510,Luis Carlos,Correia Pinto,Portugal,SD Huesca,Left Back,33,72,83,49,59,68,53,51,75,67,gold
511,Claudio,Beauvue,France,RC Celta,Striker,30,69,54,74,71,61,69,70,75,66,gold
512,Oier,Olazábal Paredes,Spain,Levante UD,Goalkeeper,29,45,28,14,15,33,15,25,35,43,gold
513,Facundo,Roncaglia,Argentina,RC Celta,Centre Back,31,61,74,38,52,81,73,35,69,67,gold
514,Rubén,Rochina Naixes,Spain,Levante UD,Right Midfielder,27,74,65,72,72,69,80,69,74,72,gold
515,Néstor,Araújo,Mexico,RC Celta,Centre Back,27,69,65,34,45,66,39,54,72,72,gold
516,Maxime,Gonalons,France,Sevilla FC,Centre Defensive Midfielder,29,65,83,55,57,74,59,68,74,55,gold
517,Francisco,Portillo Soler,Spain,Getafe CF,Right Midfielder,28,67,48,73,56,75,70,49,78,61,gold
518,Sergio,Gontán Gallardo,Spain,R. Valladolid CF,Right Midfielder,27,75,54,68,69,73,68,66,75,71,gold
519,Borja,González Tomás,Spain,D. Alavés,Striker,26,52,61,75,46,54,72,72,68,62,gold
520,Javier,López Rodríguez,Spain,RCD Espanyol,Right Back,32,67,84,55,52,61,43,56,76,72,gold
521,Joel,Robles Blázquez,Spain,Real Betis,Goalkeeper,28,46,23,11,20,26,11,15,15,50,gold
522,Raúl,Rodríguez Navas,Spain,Real Sociedad,Centre Back,30,50,79,36,65,56,41,46,73,40,gold
523,Aday,Benítez Caraballo,Spain,Girona FC,Left Back,31,70,62,55,51,62,39,55,75,74,gold
524,Carles,Planas Antolínez,Spain,Girona FC,Left Back,27,73,73,32,50,58,37,51,76,71,gold
525,Edinaldo,Gomes Pereira,Brazil,RCD Espanyol,Centre Back,30,43,72,29,41,60,41,43,65,49,gold
526,Rodrigo,Ely,Brazil,D. Alavés,Centre Back,25,63,75,18,18,54,38,35,62,69,gold
527,Rubén,Pardo Gutiérrez,Spain,Real Sociedad,Centre Midfielder,26,64,58,68,73,75,73,69,78,65,gold
528,Antonio,García Aranda,Spain,Levante UD,Left Back,29,82,56,57,59,66,61,62,73,84,gold
529,Pedro,Bigas Rigo,Spain,SD Eibar,Centre Back,28,71,83,49,43,60,47,48,72,72,gold
530,Pablo,Insua Blanco,Spain,SD Huesca,Centre Back,25,52,70,36,23,62,29,32,74,54,gold
531,Jonathan,Silva,Argentina,CD Leganés,Left Back,24,83,82,48,70,63,69,55,70,75,silver
532,David Jason,Remeseiro Salgueiro,Spain,Levante UD,Right Midfielder,24,81,48,73,69,66,71,68,73,79,silver
533,Damián,Musto,Argentina,SD Huesca,Centre Defensive Midfielder,31,42,78,34,50,76,67,40,79,49,silver
534,Álvaro,García Rivera,Spain,Rayo Vallecano,Left Midfielder,26,92,33,68,50,60,63,55,68,93,silver
535,Alexandre,Moreno Lopera,Spain,Rayo Vallecano,Left Back,25,71,49,64,57,64,60,70,72,78,silver
536,José Ángel,Pozo la Rosa,Spain,Rayo Vallecano,Centre Attacking Midfielder,22,74,39,70,64,75,74,66,77,72,silver
537,José Manuel,Rodríguez Benito,Spain,Levante UD,Centre Back,26,70,80,52,33,67,56,48,67,68,silver
538,Joseba,Zaldúa Bengoetxea,Spain,Real Sociedad,Right Back,26,69,78,25,41,55,40,32,78,69,silver
539,Patrick,Roberts,England,Girona FC,Right Midfielder,21,79,38,68,49,65,67,62,73,74,silver
540,Emiliano,Velázquez,Uruguay,Rayo Vallecano,Centre Back,24,63,69,51,26,71,41,37,67,46,silver
541,Emre,Mor,Turkey,RC Celta,Left Wing,21,88,55,67,38,47,62,49,67,81,silver
542,Joseba,Zaldúa Bengoetxea,Spain,Real Sociedad,Right Back,26,69,78,25,41,55,40,32,78,69,gold
543,Alberto,García Cabrera,Spain,Rayo Vallecano,Goalkeeper,33,62,34,15,20,27,11,21,29,63,silver
544,Juan Francisco,Moreno Fuertes,Spain,CD Leganés,Right Back,30,74,68,57,60,67,80,59,72,79,silver
545,Mubarak,Wakaso,Ghana,D. Alavés,Centre Midfielder,28,87,81,55,57,70,68,36,75,87,silver
546,Jonás,Ramalho Chimeno,Spain,Girona FC,Centre Back,25,67,76,40,34,52,34,41,69,74,silver
547,Xabier,Etxeita Gorritxat.,Spain,SD Huesca,Centre Back,31,37,83,29,43,54,34,30,63,53,silver
548,Miguel Ángel,Herrero Javaloyas,Spain,R. Valladolid CF,Centre Attacking Midfielder,30,61,64,64,73,77,72,74,80,59,silver
549,Allan,Nyom,Cameroon,CD Leganés,Right Back,30,67,80,27,30,64,66,37,63,76,silver
550,Marc,Muniesa Martínez,Spain,Girona FC,Centre Back,26,42,78,42,40,56,37,50,73,59,silver
551,Cheick,Doukouré,Côte d'Ivoire,Levante UD,Centre Defensive Midfielder,26,76,77,58,66,68,66,59,72,74,silver
552,Joaquín,Navarro Jiménez,Spain,D. Alavés,Centre Back,28,70,80,36,42,61,55,48,74,75,silver
553,Antonio Manuel,Luna Rodriguez,Spain,Levante UD,Left Back,27,71,82,60,45,63,55,43,76,72,silver
554,Jordi,Masip López,Spain,R. Valladolid CF,Goalkeeper,30,57,21,12,20,38,13,12,42,64,silver
555,Luis,Advíncula,Peru,Rayo Vallecano,Right Back,28,95,70,58,63,67,68,64,73,94,silver
556,David,Ferreiro Quiroga,Spain,SD Huesca,Left Midfielder,30,92,74,72,74,71,75,69,70,90,silver
557,Anthony,Lozano,Honduras,Girona FC,Striker,25,76,61,73,28,53,69,67,70,79,silver
558,Moisés,Gómez Bordonado,Spain,SD Huesca,Centre Attacking Midfielder,24,72,52,68,59,69,69,59,79,68,silver
559,Samuele,Longo,Italy,SD Huesca,Striker,27,74,80,74,43,40,67,64,65,77,silver
560,Roberto,Suárez Pier,Spain,Levante UD,Centre Back,23,63,64,47,42,68,39,39,71,58,silver
561,Guillermo,Maripán,Chile,D. Alavés,Centre Back,24,45,75,28,27,51,24,20,66,48,silver
562,Junior,Alonso,Paraguay,RC Celta,Centre Back,25,58,76,38,27,63,46,33,65,64,silver
563,Guilherme,Arana Lopes,Brazil,Sevilla FC,Left Back,21,77,69,51,49,67,54,52,72,78,silver
564,Pere,Milla Peña,Spain,SD Eibar,Centre Attacking Midfielder,26,78,45,75,58,60,70,62,67,76,silver
565,Mario,Hermoso Canseco,Spain,RCD Espanyol,Centre Back,23,78,73,29,55,58,32,45,64,88,silver
566,Michael,Santos,Uruguay,CD Leganés,Striker,25,77,80,73,62,57,69,70,65,75,silver
567,Igor,Zubeldia Elorza,Spain,Real Sociedad,Centre Midfielder,21,65,70,60,65,76,68,51,77,58,silver
568,Brais,Méndez Portela,Spain,RC Celta,Right Wing,22,71,36,73,56,65,72,62,74,71,silver
569,Darko,Brasanac,Serbia,Real Betis,Centre Midfielder,26,61,81,61,59,75,62,70,74,54,silver
570,Óscar,Melendo Jiménez,Spain,RCD Espanyol,Right Midfielder,21,60,57,73,35,77,60,37,79,65,silver
571,Federico,Valverde,Uruguay,Real Madrid,Centre Midfielder,20,66,52,67,48,79,78,42,78,68,silver
572,Nemanja,Maksimović,Serbia,Getafe CF,Centre Defensive Midfielder,23,62,59,70,72,77,69,50,79,65,silver
573,Ferrán,Torres García,Spain,Valencia CF,Right Midfielder,18,77,34,72,46,72,55,62,69,76,silver
574,Sergio,Sánchez Ortega,Spain,Cádiz CF,Centre Back,32,65,76,53,30,60,41,47,63,63,silver
575,Kévin Manuel,Rodrigues,Portugal,Real Sociedad,Left Back,24,73,55,42,51,66,50,50,78,73,gold
576,Darko,Brasanac,Serbia,D. Alavés,Centre Midfielder,26,61,81,61,59,75,62,70,74,54,silver
577,Asier,Riesgo Unamuno,Spain,SD Eibar,Goalkeeper,35,54,34,13,15,33,12,13,32,55,silver
578,Sergio,Sánchez Ortega,Spain,RCD Espanyol,Centre Back,32,65,76,53,30,60,41,47,63,63,silver
579,Ignasi,Miquel i Pons,Spain,Getafe CF,Centre Back,26,64,75,18,24,58,21,43,69,66,silver
580,Raúl,García Carnero,Spain,CD Leganés,Left Back,29,70,74,58,73,68,64,64,72,71,silver
581,Javier,Espinosa González,Spain,Levante UD,Centre Attacking Midfielder,26,72,49,65,72,69,68,66,77,64,silver
582,Pablo,Hervías Rubio,Spain,SD Eibar,Right Midfielder,25,80,42,65,67,66,64,51,69,78,silver
583,Abdoulaye,Ba,Senegal,Rayo Vallecano,Centre Back,28,49,80,22,59,41,50,68,58,53,silver
584,Sanjin,Prcić,Bosnia and Herzegovina,Levante UD,Centre Defensive Midfielder,25,62,70,61,73,73,60,63,76,65,silver
585,Sergi,Samper Montañá,Spain,FC Barcelona,Centre Defensive Midfielder,23,55,55,38,46,76,52,52,80,33,silver
586,Óscar,Plano Pedreño,Spain,R. Valladolid CF,Left Midfielder,27,79,58,74,68,61,72,66,64,79,silver
587,Kévin Manuel,Rodrigues,Portugal,Real Sociedad,Left Back,24,73,55,42,51,66,50,50,78,73,silver
588,Roberto,Román Triguero,Spain,Rayo Vallecano,Right Back,33,68,69,43,42,67,36,44,70,69,silver
589,Mikel,Vesga Arruti,Spain,CD Leganés,Centre Defensive Midfielder,25,49,67,56,28,75,61,57,74,52,silver
590,Gorka,Elustondo Urkola,Spain,Rayo Vallecano,Centre Midfielder,31,49,88,59,80,73,74,67,76,61,silver
591,Francisco José,Olivas Alba,Spain,R. Valladolid CF,Centre Back,30,36,71,56,36,56,36,38,64,39,silver
592,Duje,Čop,Croatia,R. Valladolid CF,Striker,28,66,59,76,75,57,74,78,69,50,silver
593,Dídac,Vilà Roselló,Spain,RCD Espanyol,Left Back,29,69,78,32,37,66,57,34,64,73,silver
594,Leandro,Cabrera,Uruguay,Getafe CF,Centre Back,27,61,78,23,48,59,35,49,69,64,silver
595,Aitor,Fernández,Spain,Levante UD,Goalkeeper,27,58,15,12,14,22,12,24,21,53,silver
596,Alberto,Guitián Ceballos,Spain,R. Valladolid CF,Centre Back,28,64,71,36,34,64,37,30,70,66,silver
597,Samuel,García Sánchez,Spain,Levante UD,Right Midfielder,28,71,48,68,48,67,64,63,72,73,silver
598,Kenneth,Omeruo,Nigeria,CD Leganés,Centre Back,25,67,76,22,23,60,31,35,63,75,silver
599,Dimitrios,Siovas,Greece,CD Leganés,Centre Back,30,40,80,38,28,70,37,40,70,37,silver
600,Axel,Werner,Argentina,SD Huesca,Goalkeeper,22,41,24,19,15,19,18,23,25,46,silver
601,Roberto,Ibáñez Castro,Spain,Getafe CF,Right Midfielder,25,76,52,71,52,67,65,63,72,75,silver
602,Luis Miguel,Sánchez Benítez,Spain,R. Valladolid CF,Centre Defensive Midfielder,26,61,81,21,30,66,34,38,68,58,silver
603,Carlos,Martín Vigaray,Spain,D. Alavés,Right Back,24,74,67,53,45,48,39,45,65,69,silver
604,Adrián,Marín Gómez,Spain,D. Alavés,Left Back,22,68,69,40,35,56,42,38,73,72,silver
605,Leonardo,Suárez,Argentina,R. Valladolid CF,Right Midfielder,22,72,36,74,70,70,70,62,74,65,silver
606,Daniele,Verde,Italy,R. Valladolid CF,Left Wing,22,89,58,55,43,60,62,59,68,89,silver
607,Rubén,Alcaraz Jiménez,Spain,R. Valladolid CF,Centre Midfielder,27,57,74,64,73,74,72,70,75,53,silver
608,Jordi,Calavera Espinach,Spain,SD Eibar,Right Back,23,78,71,46,52,62,66,51,67,87,silver
609,Ignacio,Gil,Spain,Valencia CF,Left Midfielder,23,78,50,70,62,68,65,59,72,75,silver
610,Youssef,En-Nesyri,Morocco,CD Leganés,Striker,21,75,37,73,47,46,68,59,63,77,silver
611,Francisco José,Beltrán Peinado,Spain,RC Celta,Centre Defensive Midfielder,19,73,68,47,49,74,48,49,75,68,silver
612,Ignacio,Gil,Spain,Elche CF,Left Midfielder,23,78,50,70,62,68,65,59,72,75,silver
613,Alexander,Alegría Moreno,Spain,Rayo Vallecano,Striker,26,48,53,70,22,39,66,63,65,54,silver
614,Ezequiel,Muñoz,Argentina,CD Leganés,Centre Back,28,43,78,19,30,55,31,21,60,44,silver
615,Jorge,Pulido Mayoral,Spain,SD Huesca,Centre Back,27,39,78,27,38,43,18,47,67,47,silver
616,Álejandro,Gallar Falguero,Spain,SD Huesca,Right Midfielder,26,70,42,71,80,70,71,74,71,68,silver
617,José Ignacio,Martínez García,Spain,R. Valladolid CF,Left Back,29,80,75,43,58,67,64,40,63,88,silver
618,Gerard,Gumbau Garriga,Spain,CD Leganés,Centre Defensive Midfielder,24,34,60,60,62,79,73,50,81,29,silver
619,Carlos,Akapo Martínez,Equatorial Guinea,SD Huesca,Right Back,25,77,84,42,41,62,52,46,68,88,silver
620,Alexander,Alegría Moreno,Spain,Real Betis,Striker,26,48,53,70,22,39,66,63,65,54,silver
621,Jorge,Miramón,Spain,SD Huesca,Right Back,29,73,52,58,64,70,53,65,73,71,silver
622,Jon,Bautista Orgilles,Spain,Real Sociedad,Striker,23,61,35,78,57,41,77,70,67,57,silver
623,Borja,Lasso De La Vega,Spain,Sevilla FC,Centre Attacking Midfielder,25,54,81,69,64,69,71,59,71,51,silver
624,Borja,Fernández Fernández,Spain,R. Valladolid CF,Centre Defensive Midfielder,38,33,80,55,68,68,69,63,71,33,silver
625,Pedro,López Muñoz,Spain,Levante UD,Right Back,35,68,77,53,56,64,66,58,70,68,silver
626,Lluís,Sastre Reus,Spain,SD Huesca,Centre Midfielder,32,58,75,54,72,76,64,57,75,57,silver
627,Antonio Jesús,Regal Angulo,Spain,R. Valladolid CF,Right Back,31,89,72,44,59,49,47,49,67,80,silver
628,Alexander,Alegría Moreno,Spain,Rayo Vallecano,Striker,26,48,53,70,22,39,66,63,65,54,silver
629,Javier,Guerra Rodríguez,Spain,Rayo Vallecano,Striker,36,58,59,71,50,57,67,80,63,64,silver
630,Juan,Aguilera Núñez,Spain,SD Huesca,Centre Defensive Midfielder,33,71,68,52,60,72,57,40,75,52,silver
631,Dimitri,Foulquier,France,Getafe CF,Right Back,25,66,67,47,40,59,49,49,67,75,silver
632,Mauro,Dos Santos,Argentina,CD Leganés,Centre Back,29,56,79,37,43,56,33,46,66,59,silver
633,David,Costas Cordal,Spain,RC Celta,Centre Back,23,68,64,36,59,62,44,50,70,67,silver
634,Antonio Jesús,Cotán Pérez,Spain,R. Valladolid CF,Centre Defensive Midfielder,23,64,58,37,42,70,68,65,73,60,silver
635,Nahuel,Leiva,Spain,Villarreal CF,Left Midfielder,22,75,49,70,61,62,63,59,68,67,silver
636,Antonio,Sivera Salvá,Spain,D. Alavés,Goalkeeper,22,59,25,15,12,34,12,24,32,55,silver
637,Anuar,Mohamed Tuhami,Morocco,R. Valladolid CF,Centre Defensive Midfielder,24,73,70,43,42,70,46,51,72,71,silver
638,Ezequiel,Ávila,Argentina,SD Huesca,Striker,24,77,70,69,44,58,67,51,68,79,silver
639,Aleix,García Serrano,Spain,Girona FC,Centre Midfielder,21,66,54,63,62,74,58,54,78,60,silver
640,Antonio,Villa Suárez,Spain,R. Valladolid CF,Centre Attacking Midfielder,24,71,46,58,51,71,67,60,73,67,silver
641,José Manuel,Arnáiz Díaz,Spain,CD Leganés,Left Midfielder,23,86,40,66,47,61,68,67,65,84,silver
642,Carles,Aleñà Castillo,Spain,FC Barcelona,Centre Midfielder,21,78,52,63,59,67,67,73,69,76,silver
643,Santiago,Cáseres,Argentina,Villarreal CF,Centre Defensive Midfielder,21,67,58,54,39,65,58,50,71,70,silver
644,Cristian,Ganea,Romania,Athletic Club,Left Back,26,77,73,52,76,62,69,38,62,78,silver
645,Manuel,Morlanes Ariño,Spain,Villarreal CF,Centre Midfielder,20,74,57,56,71,70,59,70,76,64,silver
646,Kangin,Lee,Korea Republic,Valencia CF,Centre Attacking Midfielder,17,69,30,65,82,71,70,74,65,67,silver
647,Nahuel,Leiva,Spain,Olympiacos CFP,Left Midfielder,22,75,49,70,61,62,63,59,68,67,silver
648,Javier,Moyano Lujano,Spain,R. Valladolid CF,Right Back,32,79,65,33,53,49,51,46,62,77,silver
649,Rajko,Brežančić,Serbia,SD Huesca,Left Back,29,73,72,28,30,59,51,43,66,77,silver
650,Santiago,Comesaña Veiga,Spain,Rayo Vallecano,Centre Midfielder,22,58,59,74,47,63,75,39,73,57,silver
651,Marc,Cardona Rovira,Spain,SD Eibar,Striker,23,80,33,68,52,50,65,56,60,78,silver
652,Moussa,Wagué,Senegal,FC Barcelona,Right Back,20,85,68,36,31,56,32,39,62,81,silver
653,Marc,Cucurella Saseta,Spain,FC Barcelona,Left Back,20,82,70,49,48,61,40,39,68,85,silver
654,Fernando,Calero Villa,Spain,R. Valladolid CF,Centre Back,23,67,63,23,27,43,21,39,69,64,silver
655,Héctor,Hernández Ortega,Spain,CD Tenerife,Left Back,27,77,76,42,59,56,41,35,66,77,silver
656,Esteban,Saveljich,Montenegro,UD Almería,Centre Back,27,42,72,28,35,50,27,43,56,59,silver
657,Juan José,Narváez,Colombia,UD Almería,Centre Midfielder,23,74,38,74,42,71,70,59,73,76,silver
658,Carlos,Fernández Luna,Spain,RC Deportivo,Striker,22,56,64,72,23,41,71,73,58,64,silver
659,Marc,Cucurella Saseta,Spain,SD Eibar,Left Back,20,82,70,49,48,61,40,39,68,85,silver
660,Héctor,Hernández Ortega,Spain,Real Sociedad,Left Back,27,77,76,42,59,56,41,35,66,77,silver
661,Esteban,Saveljich,Montenegro,Levante UD,Centre Back,27,42,72,28,35,50,27,43,56,59,silver
662,Armando,Sadiku,Albania,Levante UD,Striker,27,66,58,68,31,41,64,63,63,72,silver
663,Andrew,Hjulsager,Denmark,RC Celta,Centre Midfielder,24,79,58,69,55,68,65,53,71,77,silver
664,Juan José,Narváez,Colombia,Real Betis,Centre Midfielder,23,74,38,74,42,71,70,59,73,76,silver
665,Carlos,Fernández Luna,Spain,Sevilla FC,Striker,22,56,64,72,23,41,71,73,58,64,silver
666,David,Concha Salas,Spain,Real Sociedad,Right Wing,22,68,32,67,52,64,66,72,62,66,silver
667,Juan Jose,Camacho Barnola,Spain,SD Huesca,Centre Attacking Midfielder,38,30,65,70,77,77,71,86,78,32,silver
668,Asier,Villalibre Molina,Spain,Athletic Club,Striker,21,72,62,66,36,45,57,70,55,73,silver
669,Juan,Soriano Oropesa,Spain,Sevilla FC,Goalkeeper,21,34,25,14,24,24,16,28,23,34,silver
670,Jorge,Ruiz Ojeda,Spain,Levante UD,Goalkeeper,23,52,30,12,12,20,15,11,12,52,silver
671,Raphael,Dwamena,Ghana,Levante UD,Striker,23,76,47,74,42,41,67,66,58,82,silver
672,Ricard,Puig Martí,Spain,FC Barcelona,Centre Midfielder,19,63,44,58,51,74,49,55,76,66,silver
673,Alhassane,Bangoura,Guinea,Rayo Vallecano,Right Midfielder,26,87,63,62,45,60,57,50,63,87,silver
674,Iván,Villar Martínez,Spain,RC Celta,Goalkeeper,21,32,18,12,15,22,15,23,23,33,silver
675,Robert,Mazáň,Slovakia,RC Celta,Left Back,24,54,72,46,39,66,42,63,72,55,silver
676,Óscar Francisco,García Quintela,Spain,Atlético Madrid,Left Midfielder,22,73,39,72,44,63,70,47,68,70,silver
677,Unai,Simón Mendibil,Spain,Athletic Club,Goalkeeper,21,46,27,14,14,21,13,24,29,48,silver
678,Roberto,Santamaría Ciprián,Spain,SD Huesca,Goalkeeper,33,48,36,20,20,11,12,16,17,46,silver
679,Abel,Ruiz Ortega,Spain,FC Barcelona,Striker,18,69,32,69,48,42,67,64,65,70,silver
680,Cristian,Rivero Sabater,Spain,Valencia CF,Goalkeeper,20,20,27,7,14,23,8,18,22,29,silver
681,Rubén,Yáñez Alabart,Spain,Getafe CF,Goalkeeper,25,44,20,13,15,22,17,25,27,43,silver
682,José Aurelio,Suárez García,Spain,Girona FC,Goalkeeper,23,48,20,19,14,26,20,29,23,46,silver
683,Sergio,Akieme Rodríguez,Spain,Rayo Vallecano,Left Back,21,76,65,26,36,43,44,40,62,73,silver
684,Lluis,López Marmol,Spain,RCD Espanyol,Centre Back,21,64,71,24,26,58,18,33,62,58,silver
685,Ibán,Salvador Edú,Equatorial Guinea,RC Celta,Centre Attacking Midfielder,23,85,70,63,42,53,64,58,64,81,silver
686,Adrián,Diéguez Grande,Spain,D. Alavés,Centre Back,22,62,61,23,32,39,27,41,60,62,silver
687,Seung Ho,Paik,Korea Republic,Girona FC,Centre Midfielder,21,67,52,61,42,62,64,48,71,68,silver
688,Daniel,Ojeda Saranova,Spain,CD Leganés,Left Midfielder,24,71,38,69,43,66,58,72,64,68,silver
689,Emmanuel,Apeh,Nigeria,RC Celta,Striker,22,72,35,65,36,38,62,62,63,76,silver
690,Juan,Berrocal González,Spain,Sevilla FC,Centre Back,19,63,65,24,35,56,37,49,62,62,silver
691,José,Alonso Lara,Spain,Sevilla FC,Right Midfielder,18,72,33,62,49,65,51,61,66,74,silver
692,Juan,Miranda González,Spain,FC Barcelona,Left Back,18,65,57,33,37,56,37,44,63,69,silver
693,Wilfrid,Kaptoum,Cameroon,Real Betis,Centre Midfielder,22,64,54,60,39,69,67,50,75,56,silver
694,Carlos,Blanco Moreno,Spain,Villarreal CF,Centre Back,23,41,63,13,30,70,68,38,63,39,silver
695,Miguel,Juan Llambrich,Spain,Villarreal CF,Right Back,23,71,58,25,27,49,29,35,63,66,silver
696,Aleksandar,Jovanović,Serbia,SD Huesca,Goalkeeper,26,22,20,8,10,15,8,14,22,22,silver
697,Pablo,Sisniega,Mexico,Real Sociedad,Goalkeeper,23,41,24,11,21,46,18,23,33,48,silver
698,Cristo,González Pérez,Spain,Real Madrid,Striker,21,73,52,69,50,60,63,54,64,70,silver
699,Damià,Sabater Tous,Spain,RCD Espanyol,Centre Defensive Midfielder,22,70,70,54,43,65,59,70,67,61,silver
700,Jonathan,Montiel Caballero,Spain,Rayo Vallecano,Centre Attacking Midfielder,20,65,59,60,38,69,62,47,67,61,silver
701,Javier,Jiménez García,Spain,Valencia CF,Centre Back,21,53,69,25,29,53,28,46,63,51,silver
702,Jon,Guridi Aldalur,Spain,Real Sociedad,Centre Midfielder,23,57,38,63,45,69,62,43,73,62,silver
703,Enrique,Gómez Hermoso,Spain,Rayo Vallecano,Centre Back,28,67,53,21,33,35,30,46,40,54,silver
704,Jonathan,Montiel Caballero,Spain,RC Deportivo,Centre Attacking Midfielder,20,65,59,60,38,69,62,47,67,61,silver
705,Daniel,Molina Orta,Spain,RC Celta,Centre Defensive Midfielder,22,53,63,56,59,69,66,55,72,58,bronze
706,Kévin,Soni,Cameroon,Girona FC,Centre Attacking Midfielder,20,75,54,57,48,50,47,53,63,72,bronze
707,Diego,Alende López,Spain,RC Celta,Centre Back,21,53,62,24,26,35,23,33,61,55,bronze
708,Rodrigo,Tarín Higón,Spain,CD Leganés,Centre Back,22,69,68,19,30,52,41,40,59,71,bronze
709,José,Mena Rodríguez,Spain,Sevilla FC,Centre Defensive Midfielder,20,64,55,52,55,66,40,53,65,59,bronze
710,Dennis,Eckert,Germany,RC Celta,Striker,22,58,25,68,50,37,60,59,59,48,bronze
711,Alejandro,Centelles Plaza,Spain,Valencia CF,Left Back,19,60,59,45,41,70,42,48,68,70,bronze
712,Sergio,Reguilón Rodríguez,Spain,Real Madrid,Left Back,22,67,55,22,39,25,33,42,54,62,bronze
713,Robert,Costa Ventura,Spain,RC Celta,Centre Back,24,44,51,30,31,56,28,43,62,50,bronze
714,Andrés,Pascual Santonja,Spain,Valencia CF,Left Midfielder,22,58,45,59,59,59,60,58,59,55,bronze
715,Mario,González Gutiérrez,Spain,Villarreal CF,Left Wing,22,68,39,62,38,41,56,39,61,70,bronze
716,Luís,García,Colombia,Sevilla FC,Goalkeeper,20,51,28,16,13,38,20,20,30,55,bronze
717,Luca,Zidane,France,Real Madrid,Goalkeeper,20,33,16,8,11,15,5,19,22,32,bronze
718,Rubén,Mesa Visiga,Spain,Villarreal CF,Striker,27,62,68,65,43,35,64,73,57,52,bronze
719,Jokin,Ezkieta Mendiburu,Spain,FC Barcelona,Goalkeeper,22,41,25,12,19,27,14,24,28,49,bronze
720,Alejandro,Blanco Sánchez,Spain,Valencia CF,Left Midfielder,20,69,39,52,45,58,54,54,65,67,bronze
721,Roger,Riera Canadell,Spain,Villarreal CF,Centre Back,23,40,59,27,28,39,26,43,48,54,bronze
722,Genaro,Rodríguez Serrano,Spain,Sevilla FC,Centre Midfielder,20,67,67,35,46,68,44,54,69,67,bronze
723,Julio,Gracia Gallardo,Spain,Real Betis,Centre Midfielder,20,53,52,54,39,61,58,37,65,56,bronze
724,Genís,Montolio Lafuente,Spain,RCD Espanyol,Right Back,22,63,62,31,28,58,35,30,70,58,bronze
725,Alejandro,Dos Santos Ferreira,Brazil,Atlético Madrid,Goalkeeper,20,22,22,12,12,18,10,15,16,21,bronze
726,Sergi,Álamo Bautista,Spain,Girona FC,Left Back,21,54,58,35,42,42,29,43,53,60,bronze
727,Javier,Pérez Mateo,Spain,R. Valladolid CF,Centre Midfielder,23,52,41,56,37,56,60,47,61,60,bronze
728,Sergi,Álamo Bautista,Spain,Girona FC,Left Back,21,54,58,35,42,42,29,43,53,60,gold
729,Javier,Pérez Mateo,Spain,R. Valladolid CF,Centre Midfielder,23,52,41,56,37,56,60,47,61,60,gold
730,Yhoan,Andzouana,Congo DR,Girona FC,Left Midfielder,22,67,31,59,40,59,46,61,53,61,bronze
731,Daniel,Pedrosa Loureiro,Spain,R. Valladolid CF,Striker,22,59,37,58,43,36,52,60,50,58,bronze
732,Marc,Vito Brezmes,Spain,Girona FC,Goalkeeper,22,25,20,7,11,18,6,18,23,28,bronze
733,Pol,Lozano Vizuete,Spain,RCD Espanyol,Centre Midfielder,19,60,42,37,38,58,40,49,64,63,bronze
